0x9fc94ec13e5648a6d9d0bb93e53b07bab605fd6a,319.8820893
0xd21bf44e8a36e537bc8f72ba762e7076cdf8e7c5,77.4
0x237f7142ef3cce191e5b67deb1887df60916ccf3,19.99
0x10723a2520127be4c4f01832bc5938eab494bd50,15.35
0x3a94c0c0a6d3128f963b0742d37db8d80cc61b36,15
0xf3cad35ac37c651bfcb6c020b800930d8785f5a1,19.9
0x8efe0b3af3d14afeae2d7f16db35fb40c3c43ec2,6
0xec59f7d73603047fc153fc62609aa867736dcb5d,6.9
0xc41dd2793155e203da69e3304375435fbbfc48a5,5
0xf2eaec4bc116c219ffa137e7dc9cf0af580bf27c,4.99908484
0x5f1fc64e9ea6417bd7558a61c96e55db7df2e29c,4.9399999999999995
0xc942fa8a4d705a16ad2cf77d8b37d30c3c2f8bab,7.9
0x90fb2659ee0c5cede740a3f7f63b3d25ce54aec2,6
0x990bb440be87f6ef71c7acd3adc953bb829450e1,4
0xf21b4c8336e126e4f87cc7de41531f7640b38a96,3.2
0x5d94ae7e09c243e4860ed0f5e6b3b1d05762679e,3.100080271
0xf2946d5e65f1df738136b7e16cb9a1f0133cb461,3
0x625081aa99881cf5267ab7f17793be75ac8e748d,3
0x9b25e6705077f12668b26529f0f13b9ecc88ee4c,3
0xc7ceeecfdb7fe3e414162b0fafddd363fdf30388,13.785499999999999
0xc119b52e277f4ae83e9e0d4f7c43e747d12ddbf1,4
0x5c8dace6dda404c8204ec4f4019fd7669bfd325a,2.99
0x29abcaaf511233f901b8f3df5184aa6b039bf049,6.689605465
0xc1da2635153878e4d0389a51f9b6fd4635d5baff,6.999999999999999
0x9dedd7de6c048c6a2ca591202d8e53a6131ce24e,2.6
0x8df1482dc691680ede5a7cafc28781a1fa48a775,2.52
0x93790145fc35eb9c33954d399ee50868bae0ba4f,2.4777719
0x3f88dc03b10b0cacfda4c8a724cb16f64309d3a1,2.45269193
0x994f3aa7a2f132bd5e36cf9e534acedd8c40e9af,2.4
0x6f3e2b938910f89ff1545db4232e34a2a54c341f,3.3615998400000002
0xeb6374953d4243bc45a7de363d7d0236f1c589df,2.94278391
0x485e82df85d3b46ac8497fe06ee75bd14e36d8ee,3.161
0x0b10e64a2a2560357e7f7c836e93e25f6e5069d9,2.15
0xb0d130cd773ed405dd69b642779dfef526bf3e27,2
0xf77281286955766e9cbc1041aef9febdd3fde461,2
0x54646085c0347af5ec9796cd7f482277f2286173,2
0x4f9c133ab00ed16c981cd8048ff391b7780a2f21,2
0x5f656ffc7d2bf7ded145feb814ce53c6632ae5b2,2
0x958381ef8853217585f6c64cd49835ab3af104af,6.39234
0xbbbdc3ce9e08186011fda344bd8915917983f65d,2
0x27f11162c185efd45ca90a8f906860a5b9316adb,2
0x466c3b77dd5fb1fc1cd6ed436530b22a34af1d4d,2
0xff92f75dde0e7a59332deb6ed27a654d5f7de0a6,2
0x1342bf206ee7e2fec7bdeaec49c6923321f057cd,2
0x2445c3bc5c3956b6cb7593143b2351a059ca8a03,2
0xbb6ec355c575eb7e7d49094df7a44062e812ea85,2
0x7aa8a5b5f70f76eaffffb456e010e61a9dd3ee51,2
0x48f68c56a68fb1f32279dfadce196be873143be0,2
0xbbd769bc526a04deb3665beddf3c707e63ba8259,1.99
0x8ebeb5c101beeffe3bc454de3b80cc11e9eb16f9,1.98762129
0x1a6695a3ab4b9604a5ff7db60c3da0a4fb7a2017,1.98599373
0x7300c1bb42f6d4d0b5b34425f8bd05d06e579fed,1.90141919
0xc057a691fccd21114c5a189954fda5e6bf5faafa,3.937
0x593e5eb6d866fe79822b14c8e1e9f1be05de356f,1.9
0xf3bf69941f9431bdf3344bfb52fe5162b14b9090,1.866
0xe3108dc3c4b4e49b230139fc34ac5a0f4face6b7,1.75082467
0xc7034c0917903bc5090ffd1669bb0c9d7196d1c7,1.667
0x3cd4e88f01b2b7671e044ba6a8f2aea0d6d924fd,1.6
0x37aa15e99aaa83107d8c912fd29699c60da5bf82,1.569
0xe0262a3c6c9e53dff37bbef9f374ab6f40302637,1.5
0xa625afb6a5c0b58f88aef7e75257094a1debd926,3
0xbafe4e4952419ff69106b95110e6eae067f063e8,1.5
0x08242e83aec8f53e435c6e84256976b8cf0ee6e2,1.5
0x8a9080fb96631cdc0fa95e479c68864dd5d3313b,1.5544116799999999
0xd39122f4263be07f2f2cfdadc0db05c2d3176567,2.45
0x8347f92881d1272f31a462233df993e35c767982,1.780537974
0x22e8b939df4b294bb7c91e415af1c3ca175907fa,1.4
0x3fdf87f14eb1ed4637a4209472c51dc9588d263d,1.4
0xa9ce78766c42f206f7cc054ecf6ebe23bb1c2ab0,1.4
0xfa2994684ffe5144fc6b960fb04820c1d308160d,1.3772326
0xd34968d42fd39ca15c5de4d37eb12f8920776d67,3.2562804649999997
0x06f1cd7c213045d2e3443a39533753a32bf97c04,1.3334
0xf0a92b0942f4adb3556e85662ef5fa8de0d5263a,1.5588609306999999
0x68d1722e3cb63826c494174d309f3ecc7d5c74c0,1.3
0xb6efb7c32f980bc883ddae044ee2e3085f81f75f,1.3
0x8f96860e6b505bb83777e47c34107f54525bee31,1.3
0xb4cc508bd19a63a8a8eaf90b54fac1352257a90c,1.3
0x0187c2cb148d3336dc80737a3cac56c008a5b221,2.7696236900000004
0xcd89c7845d85f021cffb19616a40333656fa4a36,1.290469943
0x278f0ffe9d58e750d594cf6fb8c1618043069e34,2.45467897
0x793a3faeee98aff9246ca51b3b426f7fb4ffc9e5,2.2386
0xfd459aecaf4a3dfe2f6594bc9c875dc2593b039f,1.2
0xdf0ad253e4ce8893493c4737f26cb54c8059e073,1.2
0x2a43479fd6c57b099c0765cdc40f517eff11cc13,1.55
0xcbd3032d74f2975acde05dd80fd2b477a1bfc0ac,2.1073136726
0x60b8c2aee1f8a4c3996434da2cb4c0d8106aeba6,1.4000000000000001
0x46568eba393d65cc645a8b09acee98146aa31c8b,1.2
0x72ce715ad348f84068d4dcdc4ffe2a746543e61c,1.17
0x3970e9e57817ec4174572d199c9054752095509b,1.126639
0xce9c0876a74c6e800fe126146e61338b72cee013,1.12
0xf427d88a89dd309f8ed60ecfac6693a9d93eadc6,1.11788278
0x096329514d568b5bed63a433989ec8c5d5bd98ff,1.1
0x0c1b4818481933d5ca6e1771339cd56080999771,1.096
0xbc59d00f43a7ef669193c4cbe4c98febf685a6e7,1.07728193
0x8ad5683043f019b234562be93efdb9f6c7eafd31,1.072813018
0xe3cac1171065d9db4940a5f445aabdcc440d3ab7,1.07
0x447741a81303bc6f7bd1ac246e1b516a887c0e06,1.05955842
0x8288825c73bc88a3a017320246a3e133c7a44572,1.04
0x84353ad3034e427b37794baf95c0230cec36de8a,1.02
0x953156f10e943cb9c9eab6cfed512a582f97e8ba,1.007470595
0xb03795678a4f56e676afbc11caeafe47b11309ea,1.00056983
0x99ab64fa2ef59fc83cb50e37c4b8aaa97336ce30,1
0x2af69bbe3aded1f161ae3e12d8c6f414e8200ead,1.08069661
0x5f17d5103950599e9789d45c8d825748b80fbdb6,1
0x649248bba3b5fa01557fb58e2692ed9832f30366,1
0x837dcb8ad9f9a7354625b81bfb7ee466291688e0,1
0xffac81213ca855b664e5e7b3de2a16634de1e71a,1
0x75ff1b51f7ef44094ad449133b1da7a11ed9624f,1
0xe74b6524e665a552c015fddb34fb89b1ceb270eb,1
0xadddcf68f622a78d03e40beb21530466ac71e2ac,1
0x5df48d83632dd6ed3c43b634d05e636a14a9262e,1
0xcfcdcf99866ca6fed9bb6f886c35f260e8881663,1
0x6cff250a6af2ae64fda23f43f3c89710c871a789,1
0xa50cd3d69e0ff6b9e2bd04e41840ae2bea670b3f,1
0x58891b7ae14b0ab3f7cb4acb9ba54eab84718d2f,1
0x399713f91504b616b8cb6e15588f6a5d4f834ae3,1
0x53afa1452d2f130eee610e2d5b607ec0ebc29b61,1
0xf62ca386cfdc4b2f86b494addead4ac4a7de7789,1
0x566044b747945b2142b8b1011311b2b7aa0e0dbd,1
0xf67372a9c06dcdf60a29f499f4ccaa72bfbbc618,1
0x01ba29d0176ea8161f4ea74dfcb8740f742577ed,1
0x294b51e6142c3749c2fd2b18f66277515d35cd95,1
0xd9fca631f1800c2c1bffa46ec4ec0d709cdefd1c,1
0x8b3c38724b754802092545286521d6c1330ef4c2,1
0x95d6c3832818d81f0feb61d47fff24698c81a369,1
0x3d4a2792616721d58a9e9df13c1e3b398915d554,1
0x9b26a9e52022216011654ac460d64f832de1c190,1
0xa3c169144703c1a1d5f7f06931b780e338720bda,1.1
0x30ecc91d7d72de7e52a93da23769884219028c03,1
0x78a205ecbc77de7b15b9c1676d033d1945f563f8,1
0x7fccfc8b58b141f3208e306df514ba3d5084ebe6,1
0xe97ad6408e20a445ea2e5381e6fe24eb3876a6be,1
0x7923812a522abc1cc9d9c5410a34247c70dcea2c,1
0x0c4b2f1c0cf72b8240dae95be47d4380e0e7b773,1
0x15e1adb95884a5c5a60bac75ef43b5b04fb46a71,1
0x425c26e95bdda441855d184e8ea08f3e3e202b1f,1
0x63351f3ac9f19975c85ccd2ae90aaef28067b62c,1
0xcce380c9d80464879a2acee7608e94de61ae2973,1
0xfb97b94a470bda092f647ffd472695ffc5f41d0a,4
0x1734831211e565ca455b1bdf9ce0122fcfc184cd,3
0x3a6b4dab83518dfb37bb5c2272a17ea9d462038b,2.247970076
0x022ce1ba7437b0d6fa0fe798be9e0c6e1d3ea35d,1
0xcd8b5f182d23bb8497c7abc8acbc2c063bca028a,1
0xa5c3422a06ece6dcee85e3e4dc14fe3ce1ec3811,1
0xa0d78736f793fade575b08ee3b0182a924a6f220,1.5086179347000002
0x9f7845897fc64123489832f7b9741a3502243a28,1
0x736be3e6af55300f085c6580ea5903ad1b63f729,1
0xeaed5f9bcfc1ab5dfe0715326e170daebdd7ff48,1
0xcfefe795158e56c9cc190977c5ca73a0079cd54a,1
0x6bbc3aa3fb8a110c95f93e8039e8e0a5a66fcd37,1
0x09a81a32dc04c95e6628fe18d10f50ee1bd9f6b8,1
0x3bdd59c9560dcb783655eba279951da7e07ff5aa,1
0x0d8d4319c8086b261910c10b758a75861e58ef10,1
0x37acaf52ab7c54181221add356cf46997b373f97,1
0x90d3c3f1aff0adb39169893dbd9ab25057a9c3aa,2
0x1e7d13c66ff7937950ba8e9678b1b7c5515c0905,1.8
0x58121c38312de410afb593bfcf89273e640448d5,1
0x17b6274f0941d6f31e5b08ee66ca09edfbf2af2f,2.34
0x748a604cec86633639b89cf84c57a2cf192b72aa,1
0x34cafc47023dc4d200fcabc6cf8dcffe3674b76a,1
0x269a1e2a51e4c1885a049dda4662a5dd4e16dcca,1
0xf245d7ea42c712bfe8e09b44674f0bc9cfc65339,1
0xe1b2da61cd65524519078ad107f00c14de939391,1
0x22d178d44ee805354a7796baa16078712a98a29c,0.998864685
0x557bcab1cfcddc1c3160da5ed979e14e9480d459,0.995
0xf45fe0d43c4fd0fda6d273e7f90f699f84028ad0,0.99
0xceee1a8a2f443168123cc515cb8acf74611be1f2,0.98206903
0x83c6dc60c08a40a2dc65a1fe115b208ab791c128,0.98
0xd3308850ab5e6538ec92fc890fd3e685b55f9cdb,0.98
0x2103cf2675c7d109da25790061aec88bf3cea59a,0.95
0x3f49259d3f9f7b6a2c3c130b42aa897b86217192,0.944
0xfed44086a59c2b28be105a60b8be78f78e146b86,0.92
0x748189588d2e6f0ece502ba994fd839bd784e458,0.92
0xc703d20e1af764e78837abeeec96a535bb4b7547,1.17516914
0xb5366ca62cffef3b0900d7bae7bfb383c10d511a,0.9017499217
0xacd5699dd8aa85136c5628ad0ac1e9f9b4781945,0.9
0x8500763a324aa56bc65d68ac97349efddcd96d98,0.9
0x2b433254673fc814d04950d9de247d89bd6709f3,0.9
0xd060ecf13c35a924e15bdf4c3dd6c25952e5f1fc,0.901
0x4029e9ce15cfd3a4c3fb53ec49527a87c1028754,0.9
0xcc0bc2b877161fb4972ed438e55db643eeb48ce9,0.905
0xd83d6ae5a95f2941f4c715298f02d4c6a0730bcc,1
0xf574516d4c6ccff0a5e059970313b501071e4733,0.87454603
0x0c548cda20b805c8db6d83e28f9d6047eb9863a6,0.85559107
0x94b3383d2711af1e17993c45c9987525c7616f87,0.85
0xdf7be8867110411cb5931893c785f82a65acd3b1,0.85
0x3f37791f2b692dbc30a072d508818e00697a6902,0.83747993
0xdd47346e5bc0e94c49e1769f56c98a95bb668029,0.8211665
0xb10f3c074d771bfcfe189c1daa3b571297b11142,0.8
0x35d017e4cdf8bbdf3a631bb5fcf6f19141e3c819,0.78439532
0xe985a9605968ed2ed388bc62b87d823583e28105,0.76105397
0xfcc30607c04ab8d78e8155adc83d0e629783f5d8,2.0017193
0x07bacc2c590f5f39d36732714775470cab50a6d3,0.75
0xb1f0ebb127902025e07006506714b0c66cd617aa,0.75
0xf02000f6001ffc5b38cd4b7cbfef4d5aae1e9d38,0.7389258209
0x14cf69f351fae6f61f24bbfd20c08f2c607514e8,0.73
0x9cb12792ba43b04fcc526153832e37c807b2e29c,0.73
0xb822ffd52a997fce8ca1b86d6fc2a61f010a9ea4,0.715031345
0xa0e8b0e60719d305222706ed13eb76fd34062cc9,0.71100453
0x78f3dc6c662b6498855ecb769442801976b53214,0.7298148826799999
0x2e000610b2f9e5f0493d45ab9f2d620ee232c8a4,0.7
0xd15f84359ae4925a35ef55ed3ca9f228819e21d2,0.7
0xc5fdb8d6de8085423778b97f678716d6ca9eb591,0.85
0x3e6abc9196090cdb99967dc3edbe61c7d29565a3,0.6978024033
0x71e39d923471dadcfc7e495d39d98e8db643573a,0.69
0x45172dc6aed1ec9abc0fc4743ca19f7b2210d067,0.67
0x5f4cc146b326b7d5f65459782ef903b1e121b071,0.667
0x4df32afdf611e644b7922035096d987c567fe411,0.667
0x7a31a330cd08dde9f702788de99a56a2e404434c,0.661
0x5272c5544d93b419eca306aa055dc9ef56004d3a,0.66
0xd3a1b0658bf36e1cc8601d88cdbb91a3233293ba,0.649980675
0x4c9899cb130049402b21a7f7446e77a52738805c,0.62530679
0x5e181a92cfc20403d9c1665e8fbaced8465fa3ac,0.61
0xe2a8eb8b18bb6097042c441bf8711201cb8b39e9,1.0793406445999998
0x8b3a240d46c7030b07c0e58371ea0f3c381f666f,0.6
0x9b3d490e0ae12fc511235e2c57c2e56e540f21b5,0.6
0x117c1269faabcd0bfefa8d083ad0de3745ae2683,0.6
0x1f254f34e6032ba03d28e8091067c03b67cdcc6b,0.7
0x32c47b97ed32d202d5d16666e622b5c9205f862e,0.6
0x1ffac3379bd526afab0addf634657d371a05b9d0,0.6
0x14f10ce2393c2f5e8909abc5ec178e5b7b1171d7,1.0699999999999998
0x5b8a6c7c3c859fa245caf8a2c87bbd33358b3c3c,0.6
0x47a70b5d711c3e1455d19fd32473cdc1c111803b,0.590813
0x6234bb2b5b04c5ca2fdbb95ed7770e6c8735b253,0.59
0xe48303223c8ccef29dce5ee87e67400a45756c50,0.59
0xcc2775a21e763d0b6d6d06202c8b2a4f8f6b3a86,0.58
0xe9560fbdf4a41a5a1bbc9004fa7eca124e0a5cca,1.07638206
0x6af32d64f8cd2dd6e1eea8cfb4716c14e46bfb7e,0.5707404
0x5d7e6bbccc53ae610f2386447e341b85db9a274c,0.9891772799999999
0x255220483f12609e57da00fe836b32259dd7bd96,1.045
0xea78404fefb6a98e215639d7ad1f58e1ddd2ce10,0.664
0x23eab4e803198dcd1c5c9a52a7887bd010600b47,0.55
0x5bd5cad781033fe7fa1915957207fd6f12d41169,0.55
0x5c374c00ce0cf10717822f0e6007fdaf284604b3,0.54
0x57f17ffef5ed63ab1af72882007651261a7e4ba7,0.54
0xfcd4d0177adf4fa25d9a54fa81e721fc901f79a1,0.54
0x4c6b2f5b03eeadec377ee0ee2654eaf4eb0ccabd,0.54
0x22a8b0642dad27382ade2a1b8af2e45b24e73e23,0.53
0x2ee105d62b94e1cc0387a585a9035291c82fa7ca,0.528891
0x4c82ef45bfdc220558c75bc85cac581beaa779f8,0.523
0xb810a4253ebba2993ba0156deb49233db87b8724,0.52
0x5f96480d6b2388b283450df520a0faa7bf4c0d68,0.5195493383
0x1b15218f01151bf0d3b6f4bbf40b72c711c12277,0.518
0x55d40334f46c9ace4088dc9d8763b903adc3a99d,0.5137445221
0x587106b68abf3b735261504300583dd9f1c499ac,0.512033
0x7c5cb8f1db714899244755c1069ab11e1f395d27,0.51
0xe2e6ef1d0284f61b65f52f020ba0494d97b0a125,0.50993
0xbad951718b0511bf8a926f918a93422613605021,0.508
0x96242e3217c0127751a1f26e946c1fd87504c281,0.5
0x9df07423fb5f4148af5ef8449c6385ea1d68c459,0.5
0x222a271a7ab3461609861c78e830eeb11dae025d,0.5
0x644b3bf251f44c62081f787302636c007fca930e,0.5
0xd618ec0687902cbe6338298f5c145084af767d94,0.5
0xab0ba56e824950a0edacb2b83b51b8ed45da27f2,0.5
0x3399af61541f14b5af6c448b32a68cfd6d25ff41,1.02
0x335ba612564155d61b4c165ca1a228c9c7984e88,0.5
0x8d5a4a7e6045aa38157e83cbdfae2a08688d8fee,0.5
0x84c70cc569f9cd7605fbaa6eda3abac1b3e89182,0.5
0x2e379341455647e698c981c95f740348dab8b350,0.5
0xde07bf925334d86143bab3f27436f244dd398bf8,0.8999999999999999
0x51a34f9152bc5cdf40a74c8ddd376dbba4b13aea,0.5
0x561dcab0d3afd604050c3c19184698588f6ccb4e,0.5
0xe058c3920d83f5bfaf3dbc4a4044409c10695df1,0.5
0xc92a38781ae28510355748dd999877c7a8f54f64,0.5
0x372ba1ff7461ffc7bfc7a67751202fff27ba7348,0.85
0x82db0974deba1afe527074fb96a8b49285709499,0.5
0x4bf0614aa80e5b01661a9164fdb0b2b2bbdc0daf,0.5
0x25371354b4542c73ba5e17b2c8714e143f92506f,0.5
0x4af79fe883b69df65f380a10b50c146ea6ef9b67,0.5
0x0428849a4db94f1bcc9ddba6e35626f3d695d1c8,0.5
0x4b2c689c12c125eeb1ba4dbf873ecd3061c10565,0.5
0x2a8c31444e99ffea3cee9bba2818a34fb47f763e,0.5
0x740510cbaeb6f7042102a95c31d51a2348e80812,1.08
0xab8f035a40fee11304eea4f9346052429975ee43,0.5
0xb6a702585e20c4514cfc67d8582b8da0bd54676b,0.5
0xb5ad85a20a015885e0458e7574327260771c774a,0.5
0x77f59563f71b070ffe7d2934de57e1eea8551bed,0.5
0xf3866905aae099eaf54ecfa8aeded79058de6f50,0.4952558177
0x302d0d35f1f0b6da0b0735262a93d51f0bbbfcd4,0.49377006
0x565cbdae87e8536dbb1f798fa9b69505ca8ce966,0.49
0x5f5ee55a39f31ed067927a3e5d96072277259cf7,0.49
0x9c38869c53b16afb5b63302a19191eedfbb72a3b,0.49
0x428d4af41593a9c9e912ae223da18bccbf8a68ff,0.49
0xc194fda615e32ee07a4c3542dd97c19e275cb27b,0.48367275
0xf90f9f28ad8164d4ee73fdea415fae4fd1f50f50,0.4833879116
0xf243001c45f05e687867445cbc80e61a622c4c7a,0.482
0x2bdc6cbc2547619bac549fe40784095c5aa6fea0,0.48
0xc8ca1481596e407a26a3e61b802354787fcc5537,0.617
0x4e1656daa6255ce4429c3182f4ed146d4e2ff08b,0.6052
0xe8ea800485ff07b29f23c6f529b01b3cc4bc21a6,0.47342709
0x081c32c46a5710b453819932f4d8d8182e2ed487,0.464
0x57d5b92db113fa047faa90ccc970a20509bf4360,0.46
0x288811f106ff4f5eb81dc740402a91d5f285ba74,0.451
0x13935723d3146b3ada1fe57d5c9f4b3e1401b9f9,0.45
0xb94e20fc043191784364e42e697d9eac86051166,0.45
0x935c83c89e9dbd68f1d2ec3e89bff40fb15b7981,0.46
0x3c84f1246925c77db1b721ca79e50a92501c2db2,0.45
0x9737f53cd8d4386473b84b85b41b9947da94b86d,0.55
0x8ef191907b362c637b37424bc840ca32b5dda63e,0.45
0xeee6815b5e0f24db00acae53e33301918b66603a,0.45
0xd3dc7392cd3df7fae586daa5085c373e194c64b4,0.7
0x2ae686a507b8395d12bdb2b68ed47c2e1f6104c8,0.445
0x99f2742455a4b3e7ffb06daf20424869d229f705,0.4421554536
0xc879ea1dd347810e5dd9b0902d2850e3fc33512f,0.442
0xb9fce94d8368aa5c379cd82ad77345dbfe85f5cb,0.43616719
0xbdfbc6407ff591bfff6d5ab51f1ee0e172307098,0.4276615864
0x5e69e012f2a5d21e0cb14199e764581a20690a93,0.42
0xa403d9e0716d404eb1cd1e53a86128f25e30ad03,0.417
0xb24c630c78f09fd0418b5cb606fb2ea3e2a2a649,0.41
0x3fa0a7a7ab10264870cf4015c104847b88c45dd4,0.41
0x7bf500031456c76b1b5444122ac35f7df18be8f5,0.4022625425
0x40408c83407d1befe007c081f8237e3a228d2dd7,0.401350675
0xe887d977a1bed6c95237455026cb4019180a1bc7,0.4
0x39bb1b0fe3dd54a9dd46c69ebb6a54d70ada793f,0.44
0xb3f828b37e09fcce30e33e2487d68c8bc14ae58c,0.4
0x6b9f72c6cab5b0caadd5d32298083cd7b7905e1a,0.51
0xf176b2a3494545713dc28d8e1794ebc458befcbd,0.4
0x980e2c2183debf4510745c3dc00307c0a4e1cca1,0.4
0xeb514a3478489a5c3f9b0cf24b1ef1fa23f8ca5c,1.09555
0x8cf3f4070399bb216941c264391be561e9cf1eff,0.4
0x4e2323603fb6761984bd445a402eee535177619c,0.4
0xf8517aece98c00e332f26e688ac838eb860566d8,0.4
0x99143054c83830adeaad8d489318d4996d23373b,0.4
0x6eb735eae1a3a13a5b94cdaa7541e71fd49072e5,0.4
0x1304ef62d531e2209c567629328535d6c0f705d4,0.4
0x831b62f3a31a0500368f2e80915115f18ca2b72b,0.63
0xbff7a84828976abb55ad0ff2c32ccaf6fea640de,0.4
0x31f13d0e27915a398a749892995ff33e6f5c92f4,0.4
0xf9ce94b7bb238816d90f3de8a224c5e77b981d76,0.39587137
0xfe02deaf40373f0cceb1895bb2cecd575a0db0f3,0.38820075
0x4c5afaefa923ea80031e391a506885e76d8aa925,0.3876557331
0xa4ce0c83aa5fdf9e9af1756d293affd1d8626eb8,0.3816554776
0x4d08610c22299728c111a5f9fa692793ee52f4ac,0.38
0xd454ba1c1343529f2579b40423c4e86716ecc872,0.473
0x625578f81764b9026ee6f45c56c644471a7ae3fe,0.4
0x9754a789ff20a0f27a3de463805b9ea888add3a5,0.375
0x19d7fd9999d66325324da14bdce256a3bcb39e84,0.373
0x33af0ad5cc9ddabd5b179a1e91377cb58685a103,0.366883905
0x39ecc8d785c0a8f0095ad0d4f1f61456ade96f92,0.36014766
0xc4ec5893337b892dd5b6e7e1cb4a42523b427c2c,0.36
0x00ef53a4b1f9b8b6b31ae19ec0b52aaf87f3bca1,0.39073064399999996
0x6d918bd8d1b3a4a1f1fae00f5cf7d8802774576a,0.35
0x2e0768797d567a6470c0cee6754c1f4e3e470aca,0.63811042
0xa1505ce471403a723270e4ad70e90f205ccb00ba,0.35
0xfad384861ace8f813d9752e815647dd6c09e8b32,0.35
0x06e8ca999f36d6c9103a704046e0776ceeebac76,0.35
0x62638e616b3c17835d10d581f764a3576f97cdf9,0.35
0xa106141f56309740ed1958e6b72cd4c05374f0c5,0.35
0x122a63eb938887127803ad4acbc450f5fbf8cf22,0.43999999999999995
0x8d8618d13e25e4f30c3d4d53c553393c067e247d,0.35
0x70bb4449ac4f940aa8de7c13b5f0bc010ef6c0b4,0.35
0x1ddae523b39a203720b345b8d78175bec80a7221,0.47300000000000003
0x4bb2d01b6c4d8def15c7fc534db87de4760c84dc,0.34207199
0x238d801522b861fca254fced847e89ddacb5c241,0.34038866
0x40edc325e6af99d1a3fdc496da4a272502aa6ad0,0.34
0x4a549b64f4c2049b7cf0d2fd67e08e5ac64ea121,0.34
0x726cb899f324a5564db06f00c7fb8f633a28f66d,0.336394365
0xdc23ae8ea4b3699b82283115c102e4cc4bcbf383,0.334
0x0177dc1550a6f3129ba2e85b344d2b67c80ad0fe,0.334
0x794aee3aeab6296940a27a9a07990f3357b9749c,0.334
0xdbce3eaff67490730c6f7680fe78163f39b4ed55,0.3335
0xaface2367f4c3275fcaa4301889406274aecfd84,0.3335
0x17daaa3f0e2ace3118e4e54f4a5964ea09321b5d,0.3994
0x6a934b8e93559427942217dea85f649aaff0b22e,0.38339999999999996
0x849076ebff859db5b13a2c9e48b6e1d11aa8791e,0.3334
0xad22581bf15e1352712dd01254a2ec1ffae6ee39,0.33334
0x551e632812d9ad48d308f48df53fa4a8e7cf4397,0.33334
0xb0c0faf917a828e373f2c81a15e67c4398f60a4b,0.33333334
0xdb6f94e519b40d4d87065f0aaab13cadb7247339,0.33333
0x5549570c46550fe3e7159406f4665597844933a2,0.33
0x6728d836066b9e82d0e352874a5de1a822e004a6,0.37855015519
0x4b5a6d4ec25993c51d65777a41b4809e5849fdf4,0.32
0xc2bc8dc740c4b68f3e0d12f750022a5b6f4efcc6,0.3175224403
0xbb43fca9edab1c512a9bdfa9d5c432f204f168b8,0.40540000000000004
0x1996f276897b758489de5ac0bfc5bd8a135e5426,0.31
0x160bdf6c36acebdbd8047de7ee7f72b82875d647,0.54889661
0xfa0d3cf7e04823fd6b60d6ea9baca258a8fd942a,0.30478094
0x26f1fd29b5454d0b178372b58e9f22d977ce9875,0.3
0xf725a8192957bca2c2b5b19ef6556af055d2388e,0.35
0xdf968c3b251d6241971100221ac28cf5e1d0d21c,0.3
0xfb81b75a4aa0ec59c1c3c3a30540e3b2ecb9efa7,0.3
0x1d65181c72e9a59341c4c15ad222e5c9ba2b4a7b,0.3
0x36d424bd193e26b64e0a2551ba89515c1dab5e93,0.35
0x4da338c1808475dc9904c06970daecf2f49cc322,0.4
0x9c0395387017e1c8e866dd33b22cc5c59ba3ab73,0.3
0x78c002ca9c8e3de95110426e196963766f0a2f72,0.3
0x723324baf2eeb0d7d4fd3eda428c14b072344cfc,0.3
0x3a77ad326b4c1574c371dd928830ff779100c43d,0.3
0x0143277ea6fdbb5ab06154685fbf633a0c2c6fce,0.74
0x1ef6babcbaeae93e0c8b998975b72d7555715959,0.43
0x5c67f089fac9ff1fb7c820215e092bf7e8b2b201,0.4
0x4c7f00c32da983fca8ec856d158dbd6f558de1da,0.7
0x595201da0e773d5654f99be3c0ee7f96add326c3,0.3339
0xf526ed0bfbdac4d3ffd3af3b7de80df7eec44e4a,0.3
0x4bd241c201d7ecdc037b8440072f0a8d8d6ac5d1,0.3
0x342d9e5e16986625141bbf31a125da548e5197e8,0.3
0x45ed598c6dea896c2f695f353710242f03456389,0.3
0x7da5c2d56def7a94c4456ee72a553823e4b1f7ba,0.6
0x8eef38ea8c96adbc5a50d7e7a2b3cf10eefffbe1,0.3
0x463320d0c31aa2bd8e06804bdd7bc82585f35edb,0.3
0xa1a7018ffa9e0ad8e1e1ec342b2c20fe658c9974,0.3
0xc3bf15f15570516480129c72dd3cfab35835932e,0.3
0x17f8827684e5348d62e2fb7edcc769db81582214,0.299
0x62d86b63a832a04b5dd6c15a0a98305b8acfa25e,0.29
0x8458bf5f350c289e4bb0eb722f764a7cb7f1a40f,0.289
0x8d1931bdd48ffb4657dfd7262f8026b4a49c8492,0.5716613850000001
0x405555fa1b60a1c50c2d65c7af523dc2d0d98c0e,0.28631345
0x8692ea7de1f783085e74a2c0919913cd310e6b9b,0.2834602752
0x03762d4656f69b7c4c49cc68d1601aa8f9315392,0.28023797
0xf0b437a0df4ae829a695360d8cd094251bc618af,0.28957117841900004
0x88d594bdab2586c7ceca5d6fce0e9310061e821a,0.28
0x92dff97e3c4c4e1e4eaf56cdc826df33aa19e0fc,0.28
0x4a5a8d8a1e68264b124b89c806a49ffb1eef4b6e,0.278
0x3e30763abfa2f0014bfca0729ec164ba9b03f361,0.274
0x66b3962b7447c7f1f78ebead8e667df9d41276b1,0.27
0x927fede5cfe4fbc825a8dd6e88ccef19d459c972,0.27
0x4f401ac878f8d82f27516a64dd7a22546a180614,0.35001445
0x023bbacd82465bde627e8034b2f3f29731dbdb98,0.263
0x3fef78fd566973804d65023d1f72740805892512,0.26
0xb97319ae05204632e18d1629fd59892e1e9ffb3b,0.26
0x6eaf8e9ab78b0ba5d23130251dd192263826d14b,0.26
0x9b8005d4ce7ef2d6dd81413bfe4814bee3ec8103,0.39
0xefa59b63f9578bcb4960b04d1b3f0a6f6d1c6c19,0.2586955325
0x347837dc9bf2ef9f95afcbc4b8c719016e0c1e45,0.255985445
0x4c8ca4a1a63a16ae820f3cc798d60ea741db7a32,0.25032628
0x1142f8615da95f6e84d91b2025d4793ced40f92e,0.25027716
0xd42d87ff9d3fff5139a5aad32ea8082f81189692,0.25
0xc844a125938313dd2e6a328487f2492c47353e8a,0.25
0x3d6a90d17667e99b84487a8299e345763d5ff2ad,0.25
0xf33085914957bfdd19fe626a1d7ef5065fe6bf4d,0.74
0x2efa90331bf1a70b1830af3d33833e15935acf64,0.25
0xe30f9646e9167a04fbd81f66f011bd066ee89860,0.25
0xe56db2af0d6ade67bb1c531c67d694f0cbea4b7c,0.25
0xa7b4f9817af7deb00c94c43d0afb884d7d67ac9e,0.25
0x9005a9a8f663f38434e1702e164fdd243b204e94,0.5
0xbef967c161bbe9a9120252f7844c5cbe3ffa228d,0.25
0xce2371d4357aacf02b1d2a7ad4d799a6fe6abad4,0.2480857048
0xd7d2227f6805185e4b019ca415c3fa5bc57f41a1,0.7438067399999999
0xf6f2cd1d63800af2ea5e42ba3f1db07bd91ca9ce,0.24232
0x647cbfa1b90a739a635d7988918d0958c7d2f702,0.241
0x3b9a9ceaa5f8efcfb84b6199ea0e2e18d5641fbb,0.24
0xef3e6330cb8d12d3d02acf376100a6a7516790b3,0.34500000000000003
0x6aa38accf13308ec4f2a5e61a63210f1556b1e8d,0.2394
0xde94b73c76c96b35a7ab5e591f5703e20490c20d,0.2377
0xbe5913ee03d9983f3a0a777ac94ab179e75c2a00,0.2334
0x17f6961ccf5f8dd67aecfe72380225367d8e2dd7,0.233
0x74627c2abbedfb65104b639a11641faeb2f32159,0.23279689
0x5fa27242b850587feec94d89d7cf582755df06bd,0.23
0x3793c0b4113e575bcb8bdbb9b5ee20b2cc4dcf4c,0.23
0x9d0f8522337461da4105ca0437678cb299c13025,0.23
0xf7cc7cfd211a02be2a9579b954cdf142675788a1,0.22
0xf11c4e12631f65774f0e68ef509b8a295cd31532,0.22
0x1c9fd98d2d8ff4af604c1caebeacd5d4441bbac1,0.22
0xc930b83e7d582a08a720669fdeecdc929caada16,0.2187854
0x3f48f313081a96d4c97fd6d461b5857d3ddfd696,0.217329
0xac19560967d6520f8abd25e937ef4d9adae0fe95,0.216
0xb9d430b29979f4ecf82bcd2d89d459391fe00f8e,0.21
0x9e10616917ed9e309892971442c5dc3f3b27908b,0.20756935
0xa375d1769d0a92194070b8b4c10fa1c20e850e3e,0.46800757002
0x4ace9a9ff6097f559b3166b35fea20960322f44f,0.2035
0xea5a423c7bb4a478139523682ca4142e2caf0ccc,0.2
0x425c689e15ece4f58a1aef123a0697c8cd2d1477,0.2
0xfa72501f1c9cc41a808d4a5dd1205fc843a3e6c2,0.2
0x009b68fa29784dbce543d83444d7a0de955f2c28,0.2
0xcd208eb1abd2d590288852e8e012e598d7356ab5,0.2
0x917965fbe13c37f11d86f1d75782f4fcf553702b,0.2
0x90115ad87f165e5c4fd20117b652aeaa6f3bbc45,0.2
0x2ceda373d0475c7fa56356ee303560a69fe92f90,0.2
0xcba507330648e81bdc499ae6e70bd3327f5c842d,0.2
0x02e66c60048150dd9e1876c2497aff7c5dd69ef7,0.2
0x846b17e97573efa480c3d8235d27b579e76b3b51,0.21500000000000002
0x15047bdd3a6f44977d46adb2bcf59a9142fc3aff,0.2
0x4ee7212813ea41dd38660efbed4bfcfed819367c,0.2
0x01bf730e8747f2b5e93952ba33b32a42eb4320b3,1.2
0x2632e30134a96ab100c5bcaa61631221ecc381af,0.2
0x35909ffa4529b4d99d522b6ab95bf94e3d4234ef,0.2
0x7fadaf9e09f21dc23e1ac0d663f99edb52f79111,0.2
0xf5f249f41d64715a4b3827dce5c967199318991e,0.2
0xdb2811f704916ccb0d7eed6457c5db49204f3123,0.2
0x70fb464bdf0512dd331847039e329120597a0b75,0.2
0xe820834e7f1495919f3464caf829acf45088a8bc,0.2
0x6b069e076eaef0672be9964da742aab6a04ae108,0.2
0x0202ab267be04bfb936de595cbf73c498440d5b0,0.2
0x568ff295d700ea1f91264d45ca9e0af4881bd5b9,0.21000000000000002
0xdffd7c92cdf1ebc247477ec2f8fc72d287f51a80,0.25528109
0x9cd793a32aa3d679bb57643b623f2a54d2afff4f,0.2
0xf4d36e2c2404919c5117b3700fd417434ef9203f,0.25
0x6cc6e6ce34a80cf0b9568dff27719e54e2e9b09d,0.2
0x2b5e5915ebe3f4aaee7dcc501232727cb3e089a5,0.2
0x5f2551bbc2cf24001ee33e513229a247a79faa7f,0.2
0x2110f259dde9d2a970781b2100eee860177746cb,0.2
0xa6d1335b6e939524c5f58c1998ffc80ef13e803d,0.35
0x841eb2bddbac4e8cf2f243a0fe8859b553a09ddd,0.2
0x8a73ddebc48ca5105d00f60f7da27888249be83c,0.32
0xd772371171612c064b87e090516fd56ea32036aa,0.2
0x58d9b952e27c70bc33dea681dda77d5280c6e083,0.2
0x1499ae90c5f8b8a3c56e7d29454ca71a5decccdb,0.2
0x4b4c79fc3a28a0103332d46412b26d5fba61f6c0,0.265
0xbf86e97026a6f1734ad1273764b0c1048756a64c,0.2
0x16cafa68a331e921bcd1c025312d3ffc5bd3fab5,0.375
0x32c77e241be44ba5ec34d77bb99d45590cbf1d9a,0.2
0x7302e48f4adad3d159897c9961e2d0725b442645,0.2
0xabbc51a3d54dbdfbb0cd1dc6f8e57af1ef138d79,0.2
0x73bb4b9e40dabc4a7d8e538bf950589f31b3730e,0.2
0x7467e8b17eb6fa203be97edc0ca946e0a3644487,0.19849435
0x9b28857065c1797f8cb7f8edd3b05d39a6b3b903,0.1984
0xf156e1130fedbf708a760c46bba265b198145905,0.19
0xac28d5732322f9d68c19c87717be3980a93631e6,0.5539904600000001
0x796e3f689d8d475dc82ce801440b184a76e68175,0.19
0x80826e6a3e6723e41430d0d411e8ecb7727ff880,0.375
0xb1e1220ac325001ed8741d0be43e3a481a9b2713,0.33511390500000005
0x0054b55cfe4928ce7ad3171154ed1090ae46d3d1,0.19
0x68c7ee350bd2eb4867595422c379c30c3f037a19,0.1895
0x915cb142a8c0c060d9e1ecda17c21f43e09f8f3e,0.1895
0x6d776301df023fb4cb82e762b973c9550cde8e3f,0.18900888
0x85baa14817025bf14acf197a42a8fbc8142d7f1e,0.189
0x4ed6cff4a4883c47bf963d055f0bbe61855e7644,0.18827103
0x80221b27abe591e672da3c8943ede4c5bc5f9513,0.18794917
0xd8366e18031e016c753a17bbf905685a0c90546d,0.187
0xa2dc0140e15befa261e02eedbc5f6871adf7c641,0.1861081061
0x15da01d7f4b0979101b99f035ff5ba8f2dcf70c2,0.1855783577
0x05c0626a243ff5ece71de94539088ed85fef7acf,0.18108446
0x811ecbcfdd96497ea2d75aefcff0bbaad8d7af25,0.18
0xd19fca837b3fa50d6f03ec2c40a8d36c0f441783,0.18
0xe51a673c26f30767afbfd8a883e3d3ecffc46dd6,0.18
0x9b267b055423fdaff7e2269b20be72a48bf9f857,0.17904892
0x48a17264b245fa8b8ff1656111c48b567f50928d,0.17749389
0x6cfa961ffcbe1e402a03cd534044b309cdf5f439,0.173766445
0x0ec792b26aa0a38e2e0129a6c73c550825d3c587,0.172
0xea1a340cdf6e9e9eca8135280547123fc4b6d733,0.337
0x7e4739624d10a33f60b9b2b3c43ac1ea9a53bea6,0.17
0x99c6c3fd3f5fdb81ce410e8e09212f13d4029545,0.17
0x4dafb2cecbef72f36cef9683751077089e78f4af,0.17
0x1368c73f6e6c9f177b317c6ac7b19ff3ef8e5096,0.17
0x1e1885d332619250bfbb95488bdc2f6e87004511,0.17
0x8052439b05fa572912450c19ab01a0f11ffe859d,0.3280932483
0x98516392875ce10dd78c9b49cca4e2fa5d6ed0ac,0.168
0xc86ed254662861efcaa6413a73d6d490fb9c2e7b,0.167
0x2ba63be068ab2da4221ed5015e71eb7db6d1cfb6,0.167
0xe9fce07041beeb5f346a29c80f7d74403ba4eaef,0.1667
0xfe28d970bf464cca988cac2b41919f6c9b215b91,0.1666667
0x0f59d77688e37da5c8ba5e905593599fca6cb843,0.1666666667
0x5b95ac0107443e2aac78795b9070d3000c8465a9,0.1666666667
0x221bc5fb1c3ac1beb42bb7a901d134ce33ad911e,0.5665
0x189d245742a1fc1ff147f15908b8f2ef098b7b9d,0.16116493
0x72eb1834abb615043b300939f44a175965929ab1,0.161001508
0xd4d3c9d64c2f4bee420176d4d12e982be8621b43,0.16099912
0x9f98e5f6991ed0f55e5664a166cda42f7428cfc7,0.16
0x76c6e5c656ad184b6769714aea66d1806eb6b9fd,0.16
0x4f6f4e69553858d7edc2f1cf637827118ecfd750,0.16067707
0x31b28a988bf9744da25ac43172a59fbdfbbbf403,0.30670000000000003
0x5197db896cdae8b3c7a258aff2cbc96a4a3b65f2,0.20500000000000002
0xb565cb4303852b04b49608ec4929a40e826772d1,0.1513962428
0xb34399a9c85edd12115c8c0dc9ec1d28296f9931,0.15
0x2d7bb1a91283131510a3584fc63219d5854152a3,0.15
0x78eb587d6c0c47c2020b00e921ac3173e9f0a0d4,0.15
0xe24b8d354cef09e82194c7d33e7e377902ae8b9a,0.15
0x4792c57d9d254db723e6529c3e0c63b33d873148,0.15
0xe8f30c2990f18d9fb8ef3c140791e8a9776bdb7f,0.28
0xb2549b3dd5be95ddbc62ffe965070332a050e840,0.15
0x3bf5362b9332218b00e338064e7036b9a4462bb6,0.15
0xdc2bc6abba9d1b3e19cfec12702a5ce1720745eb,0.15
0x79468246f9d93fab01d9e1fa0450a0d2a8023f1e,0.25
0xcb2a5879563b5bb2a849734d75067a08cd062178,0.15
0x7d24c2911c47bfdbf6a4ef274b2f69d4115dc1da,0.149992515
0x6307e2a5478820a613afa3d66d84da6b7db479bd,0.1498378955
0x83f440ab98fd3d25288077aff0bc2d62c9676c3a,0.173
0xc5e181a6aae6a64d917f7f5599650fb6f05b5e7d,0.148
0xaf1174649e799d420b94371ed05007fb21fcc345,0.1463960659
0x12292b8ab3e62eaf0bd6bba47ad4a665c118b177,0.14632184
0xb73bcd1112cade993c1bb1543feee6e57ffe6fbc,0.14534735
0x10962bfe5446a8daaa196aa5a417053c05ee0067,0.1402554456
0x8a73721c70de79c9f0ae6dc13ec6153ac28537b7,0.14
0x76d6acf110911e1dca79c163989ac26e7f19a238,0.14
0x686f4182c98a2509b2c09a3f8f6eb8e9371cb89c,0.13951508
0xb8e45e7e838e3d2902faf1e59bd1d73953d3981d,0.136
0x960cbb4935e9498d84ddece63a0cc4743b2fe055,0.135
0xa20dc9241979de4524ed185621a0211a0a08a141,0.134
0x08316377f6d0a895aea8ae43b60fa9f75f69ba9f,0.1333334
0x5d57a7169aeda34029124b476e65be58ea10541a,0.16666663332999998
0xb9bbc7835baeb1878d37953c128179487720677b,0.24393281500000003
0x9e807a9e649fc7c46f2693ce9a2f870ebc4ab25c,0.13
0x56f0dcc58958a88b376a051062da915a1f30151d,0.13
0x9f6be23e0e072f2e4bb3f2dc3f988dfdf4e78770,0.13
0x802d869b06d4d98bf3b297b06345666360cf224b,0.13
0x42b86e7e387c277c7e09cf381ddf54bff7abdfdb,0.13
0x3788dc42dad262a9865e77f128104ab5634f8d26,0.13
0x8c7d222f72f7f615ca401cefd120597f41068721,0.13
0x63baaf55f5a50daccbe217ca06b3f2b43dadeff9,0.13
0xa0a46159069bfad7448b6341557144e89fd3d84f,0.13
0x2a57701cc3338ded47fe44695db146342cab2428,0.1298081162
0x3011012daae692897529b6c6a738c270ce3ee094,0.129339
0x12651ef5da84f9fc5a6bf9fd028e0b2e4600fde7,0.1284
0x10ecc5d91dda5052a87ebf6e66913923a6c66e8d,0.129
0x4d9936b983afd4cc69415eba624b34531c6715a4,0.12687084
0x55eae6afd8299fc6219d045705dd9144b4258634,0.126658525
0x26ac5b0884e35654baf13742bfcc966d7ddec648,0.126196535
0x98c84efb3b3926cbf9f8567c109ca7a025b39ec1,0.12516941
0x6fb15f8455498cde76a95ed3ce9cd6c910cb0078,0.125
0xc89ab8c8a4b7ed571fe92d797d5d509e5e385621,0.125
0x066ced96a1dfcd8c33348d2ad47f6e8eb593dfdb,0.125
0xe0e3b438a9aa64bff200565dfb0cfb1a675d6bd7,0.1239591693
0x1540d8187fd5bdf91197776ad5786ffd2b24644f,0.121300945
0x541df9f08d7a3b3a0d709702f20c8679f7d6507c,0.175
0x252ccc8cfa8fefe3a9101adeac4407f5913cfd3c,0.22999999999999998
0xd147d894034fc29feb3820d9baf6ed50d7b6f1cc,0.12
0x8ff7d1634c81ae41bc2fba4854c166dab50887b3,0.12
0xff522abd5aa40026560ad12f51a72b4ac4273157,0.12
0xa88b0444d377407e605f0d8f1293fc3ee9b0dc4e,0.12
0xd82b03e0c93a19d4e9f83bd69bbd8d63f4e6da95,0.1196236483
0x222f1a32a733f8397fa11f3028913bc1bf354f51,0.11696913
0x2ce8a86c9c4e0dafff46ecea1ec74c130f4c1dc1,0.1168929602
0x78c4666db9b0b1eb09c9b592ce5d31adc5723bf0,0.1168480411
0x7e96e681008d4a09e23f455d2971e44d9d3fe20c,0.18282103
0xbd8ed0ce2ab715c0e5426a91113b6b9d378d47d2,0.114225636
0x3d5182fd1718001ba20af29c81455233dfed7e16,0.173
0xe900305756d3f0dac91a48b336f83f7674a28d54,0.1121
0x6d53e69b0ec2ed07a9608b0e09cd00de820af261,0.15251043977
0x5626c7e69c2a211ae9017b59fb129e8f5ae6f786,0.11
0xbefbb29f6e22ce8cb0ade128de95cf89b8915c91,0.117222
0x62700434490b899f60b7c045684f34f5944f9823,0.11
0xb957fe295bf9324fd3320dd9cbad4bab9da221b8,0.11
0x10950e01db6421a9c18de58cf1e7347b5edc6781,0.11
0xae9333bae53095505dadc693217d454f0a0a695e,0.11
0x0deed2f7e8d993b3cf76603c21d76fcf6c6be184,0.11
0x24a24b22e5bb1a20826ac2125f6ef20e0a3df9bb,0.11
0xf95510c0f80af51dc976bea68bc1397f39a2e1f4,0.11
0xceaf6f3b235b812bb1baa4b356c4a75ec4d3f27a,0.47200000000000003
0xd3092c460cab6052511b71f51708b53b9a5ca150,0.11
0x0387d79a2446961de507ef73423278b465197704,0.109154575
0xca1082cdb12eddb11ad92ee1254f44f89e54e674,0.1085
0xe48e76b42231cd0546b478fa9b04a6c68ca23d7f,0.108
0x6761e13c31e26b4bdfe9f01f55b902235f1d5862,0.1078406114
0xbfc4f85e91042c1b9f0a889ec3568d79215afd1d,0.1059730772
0x3d621277e29fa02f7fee283f88552c0f08846409,0.105
0x49514af1f8f26e4d80c0b93ad94c22abee9f4292,0.105
0xbf473e01ca1d63e463cf16e67016a28a95f12046,0.10490841
0x43d443ccf7b66fc450aae176f53535923e70710a,0.10445765
0x08ba0367276142742659d773a4ab646c74eeffe6,0.2258333771
0x02bbb127f924cc18045c1091097c7ad0adf7a7cc,0.1024317
0xabd9a6c7ac7e7351965a2cec056126816e8c8419,0.102
0xcced6fcae88ef4fbb86efd84666e2ff53072b220,0.1018968242
0xb803bb2ddf0ab24a111c3a8b9e0b17fe9e2f84cc,0.1
0x5a898eff4a60f48d648e1f845d8a1090dec2e1b0,0.1
0x8ff1356c1f9587702ee20a34eea04d36a76b45b8,0.1
0x5a9c4f8dc48dc6bf304678af2a8f96ba1544336d,0.1
0xce9b6e973964b1d99ae6569902eb8f66df68e2bb,0.4
0x29e79f01a2bf0b1f90cb90e85e634dfa5ac15f22,0.1
0xb9c35aed8f0eac53767b2ec52164be3257cbb711,0.1
0x07145b75f6c11ede86254b164daf6f71ab4fe755,0.1
0x02586456552a7d255dd7734f79cd681ff1892a14,0.1
0xd871400d930b2cb0c3b23dd19e64b6d8939da6d5,0.1
0xffbf4bf86c864031726302a73eadcfbc906bdffb,0.1
0x8d04eb1df1e6fac7541554c9d95f704c53a669b3,0.1
0xea4648a925cd42c99b9313ac052196cb55c865cb,0.1
0xcd49ae2df204de291e6ba06c9a4d6a64a5c1ed34,0.1
0xfa289a0f68f21b363574a8b4543e4b6237118a2a,0.1
0xe918a99fe0055a126704f19c0342e7784a1a7705,3.2500000000000004
0x15bbacde177e7ca4981947565a9f3da36439f6ae,0.1
0xaa587ba2ac2fd9ad7c178a0ed145f142ad8085d3,0.2
0x2b779ecca3b80ff0853b0938c89c746637eb9131,0.1
0x4d343d5dc235546740966fbb73c43a3d6bb3b21c,0.1
0xdf06f32bf5de59dd254a43c02101fb538791e826,0.1
0xb3193551a06f94d381e134f9c59dc48423499af1,0.1
0x37804770a9aa8fe221c69b23513d2551e6b1997f,0.1
0x53d80552a98e7bd9bbb6b460f4aafacaaa1eb0af,0.1
0x7d8e059adc1ea5d2b467936c622a3ddc23d49228,0.1
0x44c9fec6bc7647c44d5a9f507dd2e5df0f450176,0.1
0x384356fe47c7237c899526c912510f1963508caa,0.1
0x794a989a7e7838e0553924b42b08dd9c90a02c46,0.1
0xf6b2e40282de0d6347950517dbeccb2b8dd3c94b,0.1
0xfb1e455690f4183e5ed60725e52f33b1be620593,0.1
0x380c4c3a16df8ae139d08ca07bccad97bbd88cb4,0.1
0xe08c74e452205e21d22b04ff41fd662191428bb6,0.1
0x655c8c3f0a20a0557ac6daacac31c7b9337b7454,0.263
0x804e7165722c57683051c757cb4d75ea878b9b67,0.1
0xb210c7ec4e69819b859e01f8a533d83496caa9f2,0.1
0x82ff7d5992d99f64d8967cadb6705cce36bc2baf,0.1
0x335905c2dcddaf8f340720e7c9bdb8954106f2b8,0.2
0x0b3124ed73ce07b09463463486f246e1c6321817,0.1
0x5e77d7efc7b237281c912cdde5351b26548f1243,0.1
0x640e510a44e469f31ba67b3fff7380c228568940,0.1
0xd921ac5f6e9099b3cfd14f24d92265d736ad861b,0.1666667
0x28394e5b4661685912ec03bc9acfc26d24f1b120,0.1
0x2676863cfbd6259f0d93ae0d178a80f23192cd67,0.1
0x79c3de40a7bbd6ac47762313e4830b290024677f,0.1
0x2a1646a75ba9e25b6b32615728064050ee2cd86c,0.1
0xaafd8d2e4c53595072ab0fa888d357f93df5cf00,0.1
0xdf35710f03acd0759e80fcb3805f21f3e2b5af10,0.13
0x7c5c284860e2c31cf4024f8971b03fe5ba413f12,0.1
0x0a27c0e72ca7692d44b43d9f8807db1d2453a616,0.1
0x6ef84263a3c2a25beaaf0337127154f1c217d661,0.1
0x6814e2426c701a068c4023f0bc9b13261586ecf0,0.1
0x617a35eb07d4ed5c489d8d0bffd68eca058e457a,0.1
0xc44c3da5a558062eefa714b319e5db88501bfb23,0.1
0xfa52eae91878901405a07da8bc8e1e0d1339c4ed,0.1
0x060a2d255eab01baf472f5b8087a41e508e81237,0.1
0xccaa1aeec4ea0bc0f124fc80c914f2f261958a4d,0.1
0x50c673608c656965a2d831c826c70b0e19aba7a7,0.1
0xd48f7e1f63a54330ddee6831e4de59d8f577c98c,0.1
0xcb32b861f4620e5ce58eebeb8ca94f9f3310c772,0.1
0xdf76cc7c91220f8c756a48add433a418a01e275b,0.2
0x270ab358572e3708a50970f223873b7505ff011c,0.1
0x36bd856b0bd82f89627553f2dc898a1fcdee2169,0.1
0xcf5ecff7314eb62c1588acb9a07f40f5692700ac,0.1
0x7bf5c06cc3e5c1396873589f3a3a4ba8bff3892c,0.1
0xd701144c6282e657dc3b2b40c0a16830f99c3026,0.1
0x3f928599c1ca7f6326dfdc558e967c04e779d79a,0.1
0x72505618f70e5d367d39876a5e42336a96b0b17f,0.1
0x0f2f026dc326c5f9a3eeba6877a1b584b5677630,0.1
0x1ceec71c88f91b6049f8a67938366bcce3b9a998,0.1
0x336ed3c3340847fd02eeb7dbcc348b1f6f3d5a15,0.1
0x5c948a269fa48df28e74f12d576be961df828c0a,0.1
0x82af2ba109fadacb5c725404ddc902a56860fee9,0.1
0x15cb6ba3f514052ebee3ea13c776055a2d4b2f84,0.1
0x46e292bd592b4276226c1799d3cfb6686e6df9b3,0.10010000000000001
0x6abc58f4496aa75324995fd14d4c56826f5c8d3f,0.1
0xde3a6e29e5af437c113712e12e09e7abaa5017d9,0.2
0x0bd29d8d0e7bb3f65ac3ce5cfcd47583a9d88248,0.1
0x83a842cd528193fbe9c026cce0fffda0e5b7d083,0.1
0xd0273c5bc4bc66427b3fb8f6a19a9be1145684a7,0.1
0x3b3d675a622038d4b2cea529e7267e982e10a9a3,0.1
0xe4cdaa5b9de008e705d43d8e9aaad234a7387637,0.1
0xf4edb1dc73e08abf677276242198046ec95e3efa,0.1
0x9c87ede889a8bbf001df5989c202e4298b7f2011,0.1
0x806b1e96aa37cd6c905c2911ab0062764eb3c6a4,0.11
0xa76cf7d616a99c02a1bba45e4fb7518a9fb96490,0.1
0x51eae1ac24890ee27fbc19ef20e9894bf0739257,0.192
0xe4d7d0bf4c3166a80f79463c28e909e901783dd2,0.1
0xec2ea0ac084fc70f3488fb83b71727239d0d708c,0.1
0x41f5a83067dcfa19eac0bc75feed9c6daaecd7e9,0.1
0x84c33207f0a5710ac9d144a64045c1a621576470,0.09971036
0xe2f6eae76539dc05fc268ad14745e09b14f2591d,0.0994
0x4110e6ec20b8cd77c16f25d13e7425b6e44317cd,0.22209085000000006
0xa445753e9359e77e137b0127eed2fc7deb6673d5,0.09835041273
0x8da5a50870ec0dbbfdc64df69d363dee4bb11a30,0.12839227
0x9d6404d499a8d46e6ef6b147fab56480c2cd06c7,0.0951
0x8a6d852f082c19abe6707f4e29a9a394183978ff,0.09469435
0x4f5f04dbdfa5af283e70ee3d042a80dcdddcfb4a,0.094532415
0x01e385a8c9f04f633f49aef6c3fa8abf279506b0,0.09434353
0x5c8804d8770480b98a9e37d4f21c8aafa719a8a9,0.09431453
0x84967b47d500a424ade4a40dcb79eb9cda39113a,0.094
0x9855a5c88c3a75ffad8f202ce2f4f1baf53356ac,0.093508029
0xcb853c1652e5b4747302dcc7b6abbe2ce2f9baed,0.092
0xe9faec634eb8a96e6ad8c93866ccf478b6dae496,0.091033035
0x77c3b5c6b26eee7b633aae8184175deed892fed1,0.09
0x96e8a685cb3aad1ec01440ade112264acdef52ca,0.09
0x354becf08a1ac25723c558bcc84d21706c4d4783,0.09
0x95fd7b07c1f74a520724468888e87a6eacd70beb,0.09
0x82b34f78e66a0e7ecb8db49ebe95684435d60353,0.09
0x91035545d9a002b0c13859462d248737260a1b6b,0.09
0x52285fbcee71e954ca49cf416cf55579f2e50077,0.18
0x030cb08374cea9ee77112bdaed82bd169939fb63,0.09
0x45228f85e5b4f89e7c47bbdb4215e0207485479e,0.13
0xc02df895fd1c0069e9d742dd29d91c54ac82ad84,0.09
0x7a27a28fb1c556caf28b9db2637f558cc9a54a97,0.18670000000000003
0x07c2922138659bff954846cce248725921244bac,0.089971875
0xe8a045756a22f072455665901ea5c8a1d66e559a,0.089
0xa383e1eaf97545151ae830a5243fd7c4e0f08300,0.088166235
0xf28020826726e9f70748706d3e4af74b84ca9e36,0.0878
0xaa9bcfed3426a5bb709d1606fb1271dadc9d8d60,0.12529103217999998
0xf8c9f15ecc7ec7900d421bbaef106f3a23976d6b,0.08605569337
0x18813b3773431b6edbc35753dd3ba494c62a1108,0.083
0xd2c17c42a146c77c12e3d93aad6bdb0cbf8d561b,0.082017725
0x4a0967f61e65e4e7d00f8d60aa66937d33308465,0.0813
0x684ef139990d075c73afc586cd3fd13555092a14,0.14700000000000002
0xeb1b62024ca5b54d26147951bc83b95ddedfed4b,0.13
0x1b39dca2626a618701c5022efa8c797c2db852d5,0.08
0x826accd1df6ccc56517d749f40d6cb3252232811,0.08
0xb0be7e616ae36d6f658ab0f13231b7bf8ba97190,0.08
0x935c1343751730d667c47ab1e1d51da5926cec10,0.15500000000000003
0x9cbdacf6f3fcb2006fd483ebdd91257da2c3a412,0.08
0x64af24491fa77b1f851118ad01ee33b89cab9426,0.089
0xa1982dc584d316e2ce6bfc9868c90060c8d9e03e,0.079084745
0xbe5931d029e8d067e20d96c841e0dc6dfe0469a6,0.158
0xc6b7055a007280deaf2ffaa89ce5ab0368b6b6a2,0.07886460436
0xd7ce9d69fe7b13c0ce51136330872551ba508df2,0.08473357
0x08544576ac576a193ff44269ad993bcd31e1be92,0.07553097
0x1fee76476a8f9ef59643c348999c6ecd997b5d29,0.075
0x766b487d07a932d41e576d2d2ca53b46b9ee633f,0.07499435
0x35607a28416bc559c4b37f8ab83116df592b4d0b,0.073864025
0xcbcf23ed88217500956781e0ab0635ac2310a13c,0.0735832
0x3c47e31158c4cf70ec8b018be9f202ed6cb44644,0.07357526724
0x1d81b72930926f80a3c98a0d4e1d64de7d278b26,0.073
0x6b551869f68e7d5e5d6dc0f60e74ba4e67ad38e7,0.070595335
0x1966c0ae32089a48d99083f3ed0d7b6c2cb54478,0.17990100199999998
0xa776eff6cfd497c9d2819a7707853e712f357628,0.11000000000000001
0x34ca91dcd9f8dd951546a5edc92cf926fd1e94ee,0.07
0x71d5d885ae612905df0342cf9982a2dcb0696a63,0.07
0x634085f57cec546deb3779d8f0faa7d792486711,0.07
0x2fcc742450e046b3233be48116d36f8cfbcd1113,0.07
0x0dcce622f1b3f994f8b4a3b7c420575bd980f8c1,0.07
0xc92c4424f4cc9204c3483fa338adc50c5664491f,0.07
0xee1b02f9fa9f78f9ba06b63705aef64456b7c7e8,0.07
0x550e414531792e68022f017ee11a8658507dc81b,0.06993972207
0x86156594ab64b0704a0c4097ccaa485c03b17d48,0.06974385
0x07dab6d5e0666c194f4bde8201a7319a7fe2ce6e,0.06899526536
0x0d2045e8fa33ff5216e2ea29d96eb878893b7ddc,0.0682
0x832b00947d23e1d16bf70bf8944978c5aa584a22,0.09822011
0xa309b6d04e736ec15a31a471a316009f019d85f2,0.07666999999999999
0x8d32b0754cfc06064209a684d0fa06134ee67565,0.06667
0x3c2aebbcdf1c4e8ad2c26224b8f850cd2d20bf5f,0.06667
0x2ef244dec0a95f66a4fd3c6989d02d23b1e7d668,0.06662301845
0xa75e096c71eb2bd42975228e5c11db8d61c8b6e4,0.0656812
0x64f3d3b73f1075fdcc650ca82ef8352ae80601f4,0.06566116
0xb71667b32a69fb3712a7e0824bdea7cc146ccfcd,0.06262086
0xeb878d7dbbfd181050fe21d41ec71103509d267a,0.06086175604
0xf0d2fd882372508872bc44123e78b308c80c4275,0.06085989551
0x708d4abd173d52fee5c68847f8a7233818b776cc,0.06
0x8ee20c345986223f2b3ad8ec6d4d1eddd4450b53,0.114
0xead17890999d26437d052d3f694a4564dbf526f7,0.06
0x22eab9b8ce61f4bb02d2aca6f7e208ecf161ba37,0.06
0x0b5e5554a395ebe128a5a709dfb03105139ae570,0.114124965
0x8ad836741fc3db1c5bc7390a7e07b2e9568feddc,0.058
0x8a5fb38ce9cdc6ab0c3bcc6794e9b459a1d151f8,0.0784384905
0x3584f924c48f29057b0a5700bd535eeb5c949413,0.08394048916
0xd7eeb691f01e1575cdf60d9d33f9096b347166f3,0.0565
0xf14a0ec69d5a8b017d9851ae1d3ed3120961e636,0.05598716145
0x2e975248aff05f7ff9a90e0d55b6b57c4e1a6cc6,0.10545885098999999
0x5d19f846f94b392db40add5b9046470c8b116757,0.05505888
0xad9e88a6c92206dbd70918a2b7d47722c59fc1dd,0.055
0x27563a856660c850b1ebeca22b5c8a153033b4da,0.115
0xa83c5bbe29c3a133a34941568a1c15bcb90633cf,0.055
0x5c0c5ed2444e875a7eb15eeb92be2b73f8178047,0.055
0x0cf6a193a6e8e6e0f13917008770d22e5461a797,0.054932545
0x17b99e83df03f0857a6e3ee21b81a877b59ec4ce,0.060486695
0x16bbb7ca14aef54e9d8a2b6dbd56ce0e715e9d43,0.053961423
0x2000b16f747cfa211a6c44d197d9badd87032be6,0.05255103864
0x833886af690b88573920e6444aa65bd49cc2254d,0.05128584317
0xffe390ae6658ec318b98e4543ee747394dd1e7ee,0.05101046
0x0c040901975cdf605667310c6cbb5be551f11b59,0.05
0xf29090b5be04f0732bd3c6e8d284ff7019687e58,0.05
0x57f66653ec5aa1883f808bb2d570b9ba340b03e2,0.05
0xc2ae6470c9979f9419f5a8a1233d38ad12aee024,0.060000000000000005
0x3519c08eb75fdf613fc96e003207f011dcceb0cf,0.05
0x995d13f6bba2fc4503c90388e32cfda27db5e6b2,0.085
0x161d1d222d5d3be9733ce83fb5f9d164b692e866,0.060000000000000005
0xe85a6e804469e8da9962466a20f49ca6feab4744,0.05
0x13cee71c9da8ccb2dbbd8dbddc7461b1159500bb,0.05
0x5c870f1c263b52451a7f1daf1310b1a4241db97d,0.05
0x7e39c25184afb687092be405ed078daeef267877,0.05
0xe122bdfe660644c6b70742830352b934810ae978,0.05
0x2929c0648e299b7aba4b638577d37e247ae552af,0.05
0xd7cac7f0ef66cbe1e48684cc5ae7c4d35ece69e0,0.05
0x3eea0d1f06cc23b8cebd81cffa3c753b15bed5b1,0.1
0xfab805176338f3af09b0afc1b8145325a7fcfff8,0.082
0x74d2d9cc4ae44af1d6bbde75be6e49c5586f8aac,0.05
0x3500694b8b60262bd44a5148e20afe30780f1051,0.05
0x3ca99d9017e27d29a915753805a524c254543cb0,0.05
0xefa3452c9de6e89ba3b9e295302be297579e9563,0.05
0x31088d69639927dfddda3ef9196792c2a443c361,0.05
0x312068858f7f675f1f001081b36e83cbcfcbee00,0.05
0xd9c26bc6fa0a76146adcdb2707704a4aa57e4fa2,0.05
0x9ef92141e99a6a28521e82f243286eba1ca52d30,0.05
0xf6c07bfb69a79d1badcfee22686a87201b39334e,0.05
0x270e12b441f21cd250067577d1e0a9f7d6e3fee9,0.05
0xea5d2ad374a93e569680259fa768b3706d7d2e3a,0.08
0xd140971fcd0acc84c1a8c2e1c35052d8f375f078,0.05
0xa9cc294e6d1f878b41e6c8c4080a43535603427f,0.05
0xacdfec66a08aa12f689ba0acce87f0fd673cc1c0,0.07
0x88328c2e3fa57bdb32d249bbe21287f3e7f035ed,0.05
0x7ca7e33cb38ebacfe832f0a7543c1d3fcfa23fe8,0.05
0xbc8e1633df9fb7c54c736d56ffcffbcb43c567f5,0.05
0x7e22df24b4f8b495ff0cad3879337ba650ee25ba,0.05
0x71ce8f1d9a6c933b490df8eaf031da2bdd2efe2f,0.0495132
0x1c9dcee0421b4faf7ade21a8e25b170942dea69d,0.04932751
0x3f7a851249886a8d4dd8b92cfed6c9f960652631,0.048
0x3c8dd45532073a533067c7755070d6efd66958a0,0.06340722936000001
0x14cafc5eb95dd571e7e966a4df00f557a5eb564c,0.046
0xb3b3750de113a316a95e4f3a10ac25e487204efb,0.04576115
0x1d16be619e9ff0ccb7cef5c5b706ddbfe510b39e,0.045
0x7a961872effa957d4cecf3e8837acb2d84b66d61,0.045
0x280f5fd01b490ec9573f6ae14c650657cf4ca4e1,0.04477
0x7d6a5829f2786f15e4e7a99aee3a08ca7c0da460,0.044671665
0xa9666865dd8e64fd0d2a4e5a9f500ebea25c0340,0.04344023208
0x858e8cb1f293181b5f30ce830eae16811b3d8115,0.042928469
0xdb846f15828d1d5133f31cbfceda85bbd9c47b46,0.042
0xff238b4a4e6380ba6009130989ad19ca661030a2,0.04069909483
0x91efa0784cd93217631560528be9f9ae368d0e78,0.04024276
0xed38a01570b4f6be4e22fea8daa856aee3b33a41,0.060078645
0x647541be40251d531b1775c9a399f85fbaebe7b7,0.12186218427200002
0xc13766f92b210bea45b1ce1d012d97b18a735a1d,0.04
0x7d005b5a9f8f50c92927376f6e400781497e101c,0.04
0x9d2f227b5a0ba917d47e8ef25ef0d29f4329b21d,0.04
0x8eed8392c66f83bc3eefe3c3584c6eecfdb1c67f,0.04
0x78cfbc8a5057de0dc82a35e8d77f9819ab6aabb7,0.04
0x63dcbfe7f152e5e649a2dc7f32590c9510fb9462,0.04
0x1c5f5c9156e5799b9a7935c32da61bd10b16febe,0.04
0x5922677f1a636530e5495daf769c8d50cf089a2e,0.04
0x3dd49e70564a03642179620c001265af30b6da65,0.04
0x6041ceda3de68fab70b2ad8bec912a18f4563f65,0.04
0x9e08276f7d761c3ea2739707450645a66889845d,0.04
0x8688f96508df850b6f8c4195ee38e1c9b92affc5,0.10339999999999999
0xd873449e651e0494a069193708e2253a3f9f5a6a,0.05
0x291880e49da0a3308d5b96b546133b201d9159ed,0.04
0x96fad2d0408bb50687a270e98a2fa8db118f6239,0.039895
0x1d855ab763d7196dee336efd92a2c9135b733ac8,0.03900184
0x66084193a10c61e4dd354854c81c01628e2df087,0.07347029
0x0e6db73c2201268b5edc24fdd9f22b83e7f52e67,0.0363181
0xa26ed689fcd6ec5b70c0c7073670c7923a159473,0.11106828964
0x96439f8dcd70df50386ae5e985cc8dc2e2adbc93,0.065
0x24f65ddee42e8873d87eabb0cf522db34817e79f,0.035
0x2720c480facae28c8749fdc43750c35ec43dcd19,0.034826205
0xa29c88699b2d3015b64b2b3c45691d4c28abb895,0.03453013329
0x73fca89557248680aa082d7aee8cfe89acaf06b0,0.0345
0x651cc0edf1d94c6e7086c12e65f7906fca3ae7e5,0.05446472558
0x3d6d07628c35f6a51429b390f280bf6f247307e7,0.0434
0x67b56fc941f5dc6559c2a3f3f7407d51ae7a7230,0.03334
0x333f82450725498d80d4fc820223c3213e446385,0.033334
0x7831d854ab917a6656fa014f919e1746a79ee0e1,0.033
0x0176a0acab4066b8dd09989aba2143b5f1888ce5,0.032
0x6cf9ad160f64dd8f1470f5d6963cb4da2b7b4a2e,0.031
0xb9b67717b8cbaf79c29074a3ad6d651bc7282c9c,0.03090296621
0xd5be1a43a6744bb6787f35fdcfe6f9c08ac3d21d,0.033072144506999995
0x0e639ac414c0669b92a529078e2efcf76e97c13f,0.03
0x0545a533356c481a62bf8062a06eeaf3775fce97,0.03
0x9ecef9c06523851b997f0ac9cfa95690f103558c,0.03
0x33506f57de25411b39cef6808945562194bfbe69,0.03
0xd41ca76d5d6a3223f0c96f1e02086b9fddecf87e,0.03
0xa6c3d34668e7f35c8d01dba62e099f336b9b2bcd,0.03
0x80cfb1a8be56a43c311bacf41af6a18f69fed9a9,0.03
0xd59ede05571127d7d53f93129b663c0990c4a12b,0.03
0xaf046f546c090f1943eefce3e260c059edd7c92a,0.03
0xd964326cd6c2497ac45c20420037a13ff34afb8b,0.05
0x1d4c79c93ec6459e67f36ec99b67e7a6152dcbb9,0.03
0xcd62486eccb90e4b8c820570211a944c6f79d265,0.061552566289
0xdf6fc439a456392001c106a5f3f2604751643dd2,0.06
0x5af490cd9b611b35329597c30375cabe4a2d6049,0.04866666667
0x7a5f04c7ba0011ba21809bae9899d1ff97078ce1,0.03
0xc1100576059365be2f452c55d7c44fcb03cb0025,0.03
0xd5e15933230009127ae531f3eddb3e5b6d9e2e39,0.0294722
0xe09fdaf7af2662d93b3339dbb252249a3f24dcd5,0.029
0x34588f07bd338729c7a36d9cbed793fa02616cf9,0.02883044
0xfb2e437e5c059739b23371fef80a259ccbf055f1,0.028718895
0x673018d921f516eddc0417c537a2a58d15bed7d3,0.02742848
0x7771feabe96804a59a93bac150e75b9621a6271d,0.027
0xf1a66679fa79545283218840087e88f5d256fca5,0.02688517
0x9b97fc72c5ec656de93231e2a718a51ecf2a754e,0.026
0xc0d61346fb2f54a012fa3f2cc7c10bdb1448e915,0.026
0x155a113646c3743fd2ad662f6e8bb231fa438f24,0.02517505
0x52d3d2cf30848f0da3dbda00a4f350ad0dc8055b,0.025
0xbbe4d9ce80e12381bb410d749225b77ef8d6296e,0.025
0x675a1517901ef3fc3d39624074cc5443c63c8ce8,0.025
0x098639be3bc64d0064bda98813c0b3f2cc5e8734,0.025
0xf8a12e2c8ef82267be6eff624d127214b3784903,0.0238
0x1d0c4971a038577aa4e2ecc313265c5a8d609404,0.02347063
0xb7e35e847b7abb29069f1b7fb2435559044c3d58,0.023
0x071f46506ac52961b5ca1cd0e96ee7324df82768,0.022
0x328599b23cbb35312df1c2b5d7805a23d9ad02f5,0.022
0x686804349b39a7667af3b80ced321cd2b4f6de16,0.022
0x792159c56c3614d821f84b3e41e83740d13ee752,0.02197985709
0x3bd14b031d6aaeaaf66ba8dc4c905cad04e4cea7,0.021
0x52975ddaf5280f92bb6f2fdb78896566c192f734,0.021
0xb107bd3697a39b6d3705949570ec6de9e066e50e,0.021
0xe4a83b634fb41d33a59ea1e42e1bd58a1f756322,0.02033163471
0x8991b8eab884f96a24be650f4d675e986398fe79,1.325
0xea46d0f114f88445b000203949776cc49f0901d8,0.02
0x802abc74e626a239bcd7cf27f9c28a5ebf158ec2,0.027486565
0xa3f7f9123e1e2ed1f48de85ed10739c0ff89a3b9,0.02
0x24844841823727b9e1d480fe0dac9a0e06405e1f,0.02
0xc68592234220d434363fffe9e701367da54ed646,0.02
0xd17c856c897d9cceaf2aa008c524dcbcadcfa204,0.02
0xa11eacc90283123905fbcd9dde52510ef04345c8,0.02
0x7c51fa9e156f250a95405af08542da7f24fcfe53,0.044000000000000004
0x2e9217d71b51c62bf85adba9e0f0c14c563f8a92,0.02
0x67fc32de71a6c1ae1f71c8e22c9ec5f88c639c1d,0.02
0x31fe8ea3350e84d0022913b90948114474ad39b6,0.02
0xfc85e74586935739ee25bbdf8c818160867ebb57,0.02
0x91c5596abdcb3fee98074acc1d786b15b10b69c4,0.02
0xe0962e76c62e812066f8a796b7201c91a48c1302,0.036156986973
0x74265f9a2bf410d6f24060086ef8eacfd1e30c5f,0.019312
0x1f24dbabb8ed81d23e203b0f5a63db765b00cd68,0.0358
0x41758b6e1633afae52e0bbdbcb927263db77d3d2,0.0187
0xf5a45536dea8b725e8c4039d83ff9b3cf295b953,0.01853409664
0x631ee9626051558896e5f97450479a9a9b22b652,0.0184019475
0x2e90716f965dca879dcda893abb84403c43cee25,0.018373934
0x399bfd577435ec2157ebab54aeaac101acbead9f,0.018315615
0x81c3b9fd098b448de5df9e20e08dab125aa8a4af,0.018
0x3ce5ed37c170c56e369c89fc4fc3a3ba45898cc1,0.018
0xb80341847e6c36b10c727f4a5d987fb18a8ccb24,0.017
0x35e31abd27681f23e412692f403224fb250961d7,0.0167
0x5bec375c6dbba9a50bd17bbd270f8094524d34f7,0.0167
0x307d7620a9bf80163e151fdd1b06beeeffb26d14,0.0165
0x222e1d1a2605109b8c17fe423a8d7ed7e45bd2a7,0.016
0x5dfa4faec05e7fe558358340388dc3901c7699eb,0.020844909999000003
0x4d57a5f8a4e4d7ad98d23b0fb484c265ed61ec83,0.06554725823
0x5821f857188f231ea7cdedf06445ca97862fcef6,0.01513542461
0xa865fa1ca5899b2552b23fe7f3d259829f07f988,0.01505372474
0x11bfb1ea20e3f8e81e871c07089c2621071b5fce,0.015
0xf50bbe79d6b22bab30e3a9f3f459ed5a091a5ae5,0.015
0x94a74052e4989103adedaa4703423ed0fe522824,0.015
0xc05699efc602db31698ec39877dd55d48fc6c2c3,0.015
0x0b0214d8ca398f1c0458ac25f4ad62d4d9fb16ab,0.015
0x886dbe4522c2858bf87870b779725e2cdb4361f8,0.015
0x851b889757d873d04499cfc7298ba80f0bc6acc2,0.015
0xfdfe29ef5e404af501741a873c706905b12e28e9,0.015
0x06364aad78e35f3fba648e19e62cf633d9fd3eee,0.015
0x686ac99bb33269918135c9044e92485989983634,0.014981335
0xc7cad1e82e6cf1a303598f9a514e9fe33d33c63f,0.0168
0xaf530c15bd0fefafdf0b7dd9103e4fb8b9808077,0.0148
0x3d2ed4f8df705af3a528a11872105efc35a4a852,0.01344455668
0x0f4f0ba8f21445d670e2b792d8df9199acfc12b2,0.012
0x93e42f1402d4d47578365f69c8abdaf6a29e7d1b,0.011
0xcae5d8962ea4700cdfde768ed041a7d213f0372e,0.0107
0xbe765581ae35e6aaaec27ac8baa5f78907b03cad,0.01059390927
0x16ac7a81a76d2133c002e84714bbde02c1b79be8,0.01023637
0x4d17bfd7cab14892d320cfd4a115b1133fe26c39,0.015321385229999998
0xc79cfdc8c2c8527750024abadc3f753ae60140e3,0.018626635
0x129d240c23613fb4935e39d526b246018f388bb8,0.01
0xc8a3bb5ff65458408fb310afcb789bbfd6bbaae1,0.01
0x951f0c6b518a9b69a214f3dd7db112c0f935eb51,0.01
0x2a7d00a6e55300c1867fdcdfd836e4270bbe8007,0.01
0x3a9393f9ea161fe01e1e63fa0a28d3e68b9b8892,0.01
0xac98ab3d17de9aa9415e02c73a92fc1ea6389c9e,0.01
0x7028ef4649ae7b4126b9b865ca6c4204f8031aec,0.01
0x63a2edf71b01d35457c01a0ecc81fc1070148a7e,0.01
0xddf5f0f7846f6cee85c44585410d683dfc89bb2b,0.01
0x24aa668fb7ae541691ddbbc4117760ebbbf2fc72,0.01
0xfae6a56d65037d403e06242a00759d9bc39466d8,0.01
0x8a6338c01d7c7d3d9ff289c9ab7539a0ec2b520c,0.01
0xc318ef2c766a2aeff19fc0a4b543731fedc1876f,0.02
0x4c8b954106a17666adce1dac8d1decb1635dd854,0.01
0x2e34b66c294d85b4f99f8ec82abad86eebd7d510,0.01
0x093fcf9bdfb37e2bd4d34cc5cf286e34275e1efd,0.01
0xd82de720721139dd290367b5670bd0d0ec6e4bba,0.019107405
0xcbb909a14fcadc8f4548806120bbe26cf1d17c49,0.01
0xce77b822dd9e53753bc15b37d1d9a4c4657e48c4,0.01
0x8f2f9ce358489f286ed475565a49538f3535dfea,0.01
0x77900208d0a616a4dd02f0b1d5f693b86a4539c5,0.01
0x11c999ed6ddeb2d7e41753d376c7fcd8f0cf0f27,0.01
0x6f5e3043cf58a8d9383c82b0278c167e3f9d24c6,0.02
0x94ba7276924cdbb66eb25e8053082b6c7a760590,0.01
0x58ed411b97a1e52530cf070b0f09f543114b67a4,0.01
0xabf466dc8f64b4c900d8dcd6005a0017b57105d8,0.01
0x2b68c483506d8064013f294a89bd3ea47367bc9b,0.01
0xf43cdab758e6e841e4dd9579a059857b9b2d7f4b,0.02
0x80ec368f4fdb14e03d3690144f00905254fa2216,0.01
0x2dd60a1a5fc60ff09dde8b403fea24ff6eb4dc2c,0.01
0xcd03f5bd356df32416334c5378569d79b3066985,0.01
0xc5143c9307dee637d3a86e252186dcac97d44c7c,0.01
0xc948ad8af0f215367923f4a356cb0a6c1b19d05c,0.01
0xb7aea6fcd8d808cab3e427c8aaa39ca1caa93cd2,0.01
0xb9f02bdd1ac97c60504a3dc448add9626813a656,0.01
0x53a4bfb0fa19dc255f19109f5b5604e6c90ea4b0,0.01
0x237b1ec40cc98d5f1c3d6e033caa9c58ac77c8ac,0.01
0xc3f43d3f8c8e34e9078a0b066c91c494bf052fc2,1.493
0x61086985d5d18af7e87b9c9e2579625e8c6fa787,0.01
0xe45ec71f618d71885199782b204adceee57df304,0.00996309
0x7934bb16e2a8220ccef2c11589640e8f7daadb99,0.009326965
0x4869235af02571606a37bb67b486107931467feb,0.009
0x789d324f906aa735cc80d85dfe64324aab074f30,0.009
0xa9d1d8b675f2db0ef46d6896956dfe7f31acade0,0.01666425686
0xaf2fcbd981206102474f49ac4168c54a4d2cb176,0.008239385
0x12e6030996e4e766b0235c8eda8476922bea3204,0.007498765076
0x975b6b088e5e88cbd4c3e17a3f8c812db0527f17,0.007047995
0x3d9d2c40d16feaa6e33775a25d7e417abd30bf09,0.006991835
0x16221ecc06339971b14826906c93c534c1891d7b,0.006991126212
0x07e4a60363f688cc99d4032dd61076c1b31a66fc,0.0067
0xfe9725694745dbb9a84db575778ed4e4b860cd0b,0.005693800432
0xe6471e77c4428032d13585c7411da50072b6e63a,0.005
0x2029e85a913743fdf230df86cc3b959137fc7c6e,0.009000000000000001
0xf711eb8cb6aa6945f337cbce57ac77ae737ce9b3,0.005
0xd5b6bc11957eb48932d24b8d3db24e52f7311ec4,0.005
0x11bdadd8bbf224a2e3371e323fee7736e3eca6cf,0.005
0xa14584f4a6e1854ddfebed4abc88c5d0838e4d9c,0.005
0x3671e929b17ea6075be0b8f58df81e82dc66206d,0.005
0x91e46817b6a1ba2b5f0d480f9ebd7f9b02353162,0.005
0xe63656d293b25d1667bd552bbfa3a1939c4cfe42,0.0035
0xe8f1b8117b5b31670c302fad300b6bff08a88bab,0.003
0x6eb590926de9889817e83a27e1b0d67ba4749ee9,0.0021
0x9a9956d327f51349ffbda95e280f85798710380d,0.002
0x45991ef64c0c2f6a0ebd98b7aaa69a2752756a61,0.001597197
0x790e9659295075071df152fb9c4b9625e60c4feb,0.001
0x2fdac4d4e39296d7322cdb3278945e5dce8a24f3,0.000908161516
0x3bc745bdb9b18626d5fbcce1754a9cc5cf11a9c4,0.000283365
0x495cc43db7018fab9b5126d468e1f235efa2dbeb,38.3
0xe0d80971d8f981a4ddc69e165dc65eca15519b8d,37.7
0xb8bd3e043a728c317ba7b630b090c1a0f0c1a3d9,10
0x21e296e2ace204025ac5873bf21ef17a9fefa7f2,7.5
0xd8aed776c34dee9d0c0ed6f3f12607a48c52bc38,5
0x7bb285375444947767ef2bed410d36816d233f81,4.2
0x9Fd9D7ef4094A910EE1206187782F59e36E16187,4
0x296e99f1327b4bc9c50f833554dba82e17eb380c,3
0x625b02b687ec38f3085af5b108dda410775fa76a,2.89
0x13b91f721197378b02ae6f4151a946c7bf414a4d,2.78
0x46fc4f76ed3af795a7141b5a05aee6de458938a6,3.5
0x75177cebfed43c4eb05f5abb70c7b3ee9d106b72,2.5
0x2adf8c8b31809418f6ca45866cf1e4d2d73577bb,2.4
0xb74cd3d43155eb57ed25ecb1ca0f301d0516c5fb,2.4
0x85e2008e3599800a3ca06676f77820f386a84a5a,2.4
0x35daa9c412e4a44990868f88afc3474f561c628a,2.23
0x073A1C4b250BCCd20434683213Fb14860213F188,2
0x4192eae266aBA30CB83AEEc28D2E7c809c336600,2
0xC7CEeECfdB7Fe3e414162B0FaFdDD363FdF30388,2
0x52f355d3a7d9b7c98e8fce10334961643cec81f3,2
0x5de493f86a0859810f8172177174c0f9c1c63b1e,2
0x81b3b2c12f8a497070d3f24966be59b3fb0ae4ff,2
0xf5dda44dbbefeed99ecb492fe0542d37baaab785,2
0x1bb3689eddee74bf6a4bcb425815c56c490b7581,2
0x210e89db79eacfd9d7568d16a0726fc115970fed,2
0xd5494262449a0189d89c6e6413316d19e847acb2,2
0x98721b337306e0a35285f629e33bfd402eff533c,1.999
0xd435dcd0a686e361ba561755a2db2f1e19066502,1.8
0xE9E53b9D96CDAc0D15E8Af1913E2b1360137AF4B,1.68
0xc79e36077fcd389bf1caa1d7da079d4b040428db,1.68
0x1786803f97818a6325DeF57cD5872139A7b1fABE,1.67
0xe24efae8b6dec4fde9695c47c098cf7baa7c586e,3.04
0x5ce8598dc549184b539406facc1a7538c497fab3,2.6
0x664b2bc6bb2e8dad262d4b31030e6b268a1c6a7e,1.57
0x5cbec882b48be4a4e4ea96f2bb81cc0eb6d59b3b,1.52
0xd8b3509a91b83fa376adaa3c9d622abd4ed6fafc,1.5
0x0d9052e7c368364d2d7ab49c1579eb4bf97b2a6e,1.5
0x21cb95d9332c48c44cf28a64b6415cfe833fd811,1.5
0xd200764370d6f9eca3a3bef83f1a1080a7a73181,1.5
0x7d1a2bdecd856127e95f132110451265052ee301,1.5
0x74ffa0d20423560e40b200474c551e1d51ae1e6a,1.5
0x7ef915b468528f6a053a13a978e54a8a4d3707f5,1.5
0xe17dd9b4ca9a28e69ad547919ec2c21b6d0332e2,1.48
0x7517e3d9626fe32d23e3f06f0caac779b35e0bc2,1.46
0x835d8c5efe55431762ab0d5630b415d72f610e20,1.37
0x5a9942b8913a2e06a757993dc2bd14e15b175ffc,1.37
0x03029b05bd5de3e898c36d1fffa7cd7917a445f6,1.35
0xb0b4e32b276ee6b4d50e166d78aaa034873bc2ed,1.33
0xed997526772077f78a084a599c410783e27fd997,1.3
0xef94647c3efe8061f1825152ffed8797425728d4,1.3
0x528820ffe988045ab6a650f1d6ff23a278f62298,1.3
0x3c9ab9f9c2e5c29f9a8db9459aa4fa60d608d56e,1.28
0x6480999cc2417c50fa8d97e3e36ee97d78fffb46,1.255
0x432204ed9971ff1e4b9c9800494bfc45535508d2,1.25
0x6728D836066B9E82D0e352874A5DE1A822e004A6,1.2
0x14e0f70b4f7ad4c1684a38e2e42c7b81fd7aff2a,1.2
0x8ebc22bd0b5e2ac09f54a50e1cd3096a4cde5280,1.17
0x5a5eb2b2c6cad64f48e4936718a8b6336d69a876,1.15
0xC0e9e00Ba91C5FaB8A04319969b08cB9029a5E3c,1.1
0x3556b021b66d08b3df7e2932e11120a5afdd3aa9,2.1
0x4da4c41f4d56ccb38c01e26969ad748af024fecf,1.1
0x77d0b37280ab662497f3e9e6a17c396f94d6c942,1.1
0x83ce16306d6b060e7e0ef6b7ca14c5e1ad3f077b,1.1
0x57cfe8b916eba41663be26dcc0485cf75ccaa7ae,1.1
0xa1429f5f188c2dfbc8635c75cbb6c877a745ced7,1.1
0x832830800b1460b1afc9ed6c5b158a1bb17e3154,1.1
0x8367d3b6082f519eC8f34e2111A6349D9113efCD,1.05
0x40b7d7ea8f609b8c2ddf4e418539ee71b6a4ba12,1.05
0x01caa0da8a60709287be31688f9c8c15eecdec12,1.05
0xd230036cd7390d192bf8f7a80329e1dc5cf6922a,1.05
0xe00244b4f2f63b034dbf9d3e88cdfd606ad950df,1.05
0x61e68ad6fdbd1444715c3a50df5f6d0804c81a8f,1.03
0xc0e9e00ba91c5fab8a04319969b08cb9029a5e3c,1.02
0x9a6b2ec77ce028d660976e245532920f8537e593,2.02
0x9b8a0e3ff46414b3d18b06c84d2d95acfd8bd329,1.02
0xd1c8d905cf891da4e78f3eb8240447e2bd14e6fd,1.02
0xfe6851931a50b25a54e3a55ed246c9c5ea03a1c2,1.01
0x823891bfc22bcf3d22c99d6c2bd8604937918e68,1.01
0xf6AFd2AF287562Aa0ED916E157aaF830321CaEB2,1
0x3b337C7bd02004C8E307464DA9dE7c1EC4048f2e,1
0xc3093280F02a2E6905BdaD1b02B8cBe21b6edC4A,1
0x97c3917271E5Fd1D29C30Fcd47D7b1be7eCbADBA,1
0xEbdF264bF1ca675B4b9baFc3d365d3A2532A4BC1,1
0x70aAEbc428f50F6FE54EfC8062b5FF2EC835Da32,1
0xF76054e85c21E751dd3Ac554F23cA49c4F51c3c3,1
0xBfD6609C63b028009f89Bfa0814a9bb21C2e2FA6,1
0xF50F29085F94fF54D8987033454d1CbC02546F33,1
0x7de2571CEb10f294Cbe5a193349aa8b407023D0B,1
0x440f944B4BDbF4Af8027331392Bd4454Cc072a30,1
0xF85ADCB495844522b77Eb6381CA41d866c42ce51,1
0xf51F779359924359aa378fE19488b08CAEad6b43,1
0x46Fc4F76eD3aF795A7141B5A05aEE6De458938A6,1
0x38572F64eA8340D006EBF5993C0be1650B824d30,1
0xF3D80766264cF46643bb2A3AB2ccA598912F22D7,1
0x6957b2c85e5810084f537974b37e60993c9c917f,1
0x5ca7a52cddc10d310b8459bb75f748cbcd69d989,1
0x573ba0cc1959b4f615dcd467e676433f76b8b9bb,1
0x8a9e1aaebdd95929f01357fc7dd2e0e16ea19f87,1
0x80db08afb23408d9dcfd76cb7e40a0f157858192,1
0xf235776a9e8c2e873cfee80dcf8121fbd1f9432b,1
0x02f5463202f2a8a93f5ed92a3c720fa708110cb8,1
0x79becf9186ebfe59052fdc8b8fc345d7c566fba5,1.001
0x033f313ec56af4ea9311d942fedfe4ca69eddf64,1
0x771a0ad3b68c4922440284ec86292091f703804d,1
0xea6076b833e9a72c673f68be1f1c3c91aa0e97e2,1
0x9d1e2ac5f4e982d611bc033b8a533243ec8e7982,1
0xcbd9db94431c29e24069dc547ba006865e821dc0,1.005
0x989fcfc7ff8b9829d75250ec9395b5a5f54a0700,1
0xa810776f6c215db2a135f2cbb1057d6824ddb16a,1.04
0xeff5afb28cb2e19b2761da92bb9f6a74ac15653b,1
0xa17d7e8bb15ac98a582dd43e63d299153da02e87,1
0x3b99dceec46c8c04fd45a608069234ea0dab87c2,1
0x650093a4a191856c971232d960425468fe2e7a7f,1
0x8433875014a0f689bbfeca8f7e5490907213bdcf,2
0x0d1501715557726abbb54812cea22feb00f8eb92,1
0xbe306e2ac7c15018c8d883b8877665c3d4ed7d1b,1
0x9fd9d7ef4094a910ee1206187782f59e36e16187,1
0x3b61e548e093e14b7a0530b1a844938a0509e166,1.005
0x1f7d962013c627ec6465534c8c7696dd2ff54663,1
0x2912b626b5d67e3c3281cd026684228b3e58ee9f,1
0xcd06d98acc4d7455a61c2cb473f86e1d743c7947,2
0xc275290d67406989661e6046e4e01b9bf166bc36,1
0x81d6692778b2e62814578212b51baba245201b11,1.04
0x2f286816985d324dfb8d70d3c7319be0e42a9c97,1
0xbb02b2a67c1caa61ba0e08d76564e883336a7dd7,1
0x7abc3c4ed556006fad0d2d66db11f48998be2897,1
0xe5454efaa49676af0b58aaf2a00cc0c9f408415b,1
0x6552e3b71a894166095327ed14919d0b53c8f72b,1
0xbd29aeae4e42598e44206c1544aca35334efe735,1
0x463e222f98200a5287f14bf18dfc632ea3d7850f,1
0x5319828e751579d630f614b0958ace18145640a3,1
0xbd2586d8eb93a445bfa2e87e179879a8b070861c,1
0xaf278975af7341f600be86a507d94911bc61c628,1
0xf78e665055581db1c92be45ce8a29fc557f0cb42,1
0x1c91e845c14d1a62d355159a216ad38c0c436bb0,1
0x0f96bafb636e0bb05b054b4156118856937a236d,1
0x5ebf017711d41ac690a250542216569dd6d011ae,1
0xce92b97713df68723160fc0630e0cf4b21a2baf5,1
0xe31183f3a4be5c6b06558f392755ac2c1cbd32c1,1
0x6a2f0a4f06b641c8179d56eb03be1c71f52f0fcd,1
0x7de8a220b0a39963c9587e442437a71eff52f484,1
0x6b7f253aa1e7da7419a83e6687342250cd225e00,1
0x969a5079b98c96a88dfc5981768e6f5cb2d79eb6,1
0xbbc8075265dda39228454abc7208dece6aaf997e,1
0x10773e89ba263620beb829161552e2ec09219617,1
0xadbd3048ec84ca52b575573b90b5ade17910eec4,1
0xb1264c7f27967acd9c60fed3a83601ec46b028e9,1
0x160baba05a59228587394682eddc91832aef3486,1
0x99552ef4b7ebc1aaf3be8e3b61a41a0a38be8a73,1
0x7af228c9ec4eccaa5508ef49e516ca739b889e02,1
0x163ac15126c9287d1a536cee8b190ec7b666de52,1
0x96ba484291890a70d86a6140fe0643cfd6dfc96c,1
0x4aa0e6f6cdffff3602b2266226ec186339e1bcd7,1
0xe224910da3b8fe175c295889180fcc0a4093fa02,1
0xb4688e286a7dd521bffa099eb78e88e9ed3b65a4,1.2
0x97b880f140f5e7ab9ffc1c20b0743a4e909fb136,1
0xd37309a7556ca2b187d6664c7fc17ecc864c2fa2,1
0x9d6735cc8bb3bea84f5f0cab22952704ac451388,1
0x408d336e8556a0d442859c8fb93ea20ca3434bc1,1
0xfab087f4aac44ec0107adbe39eaf411df6ff7f8c,1
0xa001d838607e646845f71960dc695c67cc189805,1
0xe3fbaca61f095c4395341fa5fa09ac8d96920fce,1
0x190a670b6db9adbe418091c54d0109ff36adab78,1
0xddd028afdbcded3810a78e2aaac285624ae5da4c,1
0x87cf87fbe5e45a4dbb15fac7bc70e82654361108,1.74
0x13edd3130c604b03c4bd1cef773d068d5a8733f0,0.88
0xf467edb5fa6b0b510eea3e051979148ffe864bff,0.87
0xdaffd57318b547a262f3d4f28f8720eecd7e4ea1,0.87
0x38572f64ea8340d006ebf5993c0be1650b824d30,0.92
0xfaa570a9284c4ced70890cc3ec9759c26e5380ce,0.87
0x914d7791fd4e6d5014f426ecfda2bfc398d389fe,0.87
0x52cc71119317abf0b128cba5b5d6c911fd562756,0.97
0x58d0056c96c5af3dd0761b3b8321b7d1ba3fd363,0.86
0x5b0eb501da32b0a41ee20a64b4e76ccf7f0bd642,0.85
0xde314b743637a5cbae4ca95bb1e826777c056833,0.85
0x7ecd28f7980755f08de0c9956cc3c20e5874c03c,0.85
0xb6df6c6f255c3d34d4a866b70f46de4a51c073a1,0.85
0x2bdc54b99e749c18b427c22114fbeceabf2f1ad1,0.85
0xc8a777d3d41ef6155e4fe21e0f6c4e3fc21179a8,0.85
0x8c1beea26bde8d9923c43baa0f6263d6d62739d2,0.8
0xd24a91a72c5da21904a09cdfd0cb73c469718b41,0.8
0x8a30b44081e58203376cea9b7deb75f88e5da68a,0.7
0x26f317f3308a98dee9af82c045038512940d50e6,0.7
0x8fc0224f00a35945858d5c5417c5ef2109d2900d,0.58
0x39f1046ba4bc15b0134e9caedeab53bd6ddef7c5,0.55
0x9235775f0a583aeb6977827843c42760284d95e5,0.55
0x6932bf7ca8a55fa8771c692e4c71f1ce8a307715,0.5
0xba60e95b77ee80c62eb8f9948720cd5f37ea4b23,0.5
0x025a0c3714016a370d723bc28d304e800c62c7a6,0.5
0xdf3e225961ab9a8b1a4439683a15241b0c1563cb,0.5
0x54005660538dc9997fd3c0636132d36e29fee8f8,0.5
0x70f2feb103637729b2396173cbf2df4bfd029cd7,0.48
0xd3fd6a4f2245020848e7f2871cad67bed2a9994d,0.355
0x31a1d1183c134337c2e48dcf6109ebc218668370,0.355
0x91157ba272f4162eb2e08d17316c9483520097af,0.31
0x9ef852bcc504429fd64c0970d0d538997004243c,0.31
0x289067702d158a0d5608f3a497a73689555d499f,0.3206
0x13c6cf67bcbbd7bdb7c5ffed5b3b9d6900d414ce,0.2706
0x1453aed4555a5c9d932f8677aec51f7fe4635fbe,0.369
0xf85adcb495844522b77eb6381ca41d866c42ce51,0.22
0x56cdb07ad972bbb86a2975461e0ee8c2d363680d,0.41000000000000003
0xae513425a1b2c14b074fd428576529be4711d43c,0.21000000000000002
0x3fb2f4313344933caef4e8b568bde49f587700d5,0.2
0xa2c7fa4186e917dd6dccb4aa3831088f9ee0dd82,0.2
0x0bc6cb4819e3834b96f06ffde5e3762e3edcad67,0.21000000000000002
0x249725ceef36d8fe14ca7b6e6f7c579a9e61a250,0.2
0x07e1cb2db5ac731f9ebff3906a68bae823d5adc6,0.2
0x78ef1e26367d60bd1b160b34f65157c0a31615e2,0.2
0x76caf6f73c31acbf0fa3ab488cf716c0b2dbdf3c,0.2
0xbc4a8f2f420a4c1e4057b7a43142756892d92daa,0.2
0x5ab071a11e841ff825a6f3d61d0f2d55850ddf46,0.2
0x0f3482a20ec8ea9aeb3d39f59e8c84e1a68298b3,0.2
0x2112bda97b53c640cd90100def201a38b673537c,0.2
0x2da5296100ab5d419f0e4e6de3f003874391394a,0.23
0x699f4051e9c63295943c792ee240a70f057c21f1,0.19
0x96353f72f051876708b07e5bd2d1c9ffde941101,0.19
0x8411ed9fe5dfc1b20a50e1c01fc8ab77d65726ce,0.19
0x578c933342a2300ed4b58ceb28cff2bea92ea4c2,0.19
0x33b27407192ca62c6509e5fb14b4e4f9d4cd8ef1,0.19
0x76d3cf1300e15449a8864ef38b9c709be2947270,0.19
0x431b17053c1e9ac5805db30f8a236fb3ee537d7c,0.19
0x5b2e5804d8836e789aa1d9c9971dbfbedf4bb3ed,0.19
0xb70016b4b16a6dafd209bfbf69d941c90ee0a84d,0.18
0xf50f29085f94ff54d8987033454d1cbc02546f33,0.24
0x7cc244d12ce472ad2a82e6b7ce16925b381c8c7a,0.18
0xf068366f4c936057322f45d90643a9d7d534fe0a,0.15
0xf0875b45ffa864a1c32572d4a924d92e8f03869e,0.15
0x78348b30e9c00ad984e0d223f1dd9c852f5427ee,0.17
0xccfb6792775728fc9d827675aea00215bbea70cf,0.14
0xc1a0976994310ae8296f7f95efbc3b9a08b8c0f5,0.13
0xf9cfc92ba7f82434cfb73ebebafbc2188e8c69b6,0.13
0x2871394b16de430204371be8aa4a0bb1e8526376,0.13
0xc70b980dc902151f1f78af34979f9b4b210af2da,0.12
0xbc8b36efaedfc846fa73a9fd2c8251ff2499af87,0.12
0xce50b2ff94ff59eba189749feb56f06a2976de0a,0.1
0xf467a7d68d6742c94256c2bdff2816aad50ab557,0.1
0x76d9032fc4a51b51297fd89e65db7c55dee5ce17,0.1
0x27700fc1ac2824c3c8a7e2914220a38824ac4f13,0.1
0xac363d2e3398f3f7889e1a9ca15b4957ba1402c7,0.1
0xddaf31d1418d67e67e96eea1132b4b10519b90c1,0.1
0x2e7ae70d85c805a3c9adfe0ff1918cae037da407,0.13
0x073a1c4b250bccd20434683213fb14860213f188,0.1
0x230f1a60ac4e71ec7b0d878b2fa742a7bf2e7dd8,0.1
0x758674dcc3b6c99735c2683c18a380a7bc2a6baa,0.1
0xb584cc1a38463001e40491f461fcf3e09a14ce09,0.1
0xe986419f9ef0e6761f63f24b499074efdfa80c43,0.1
0x9f332210514980098ffb19fe88ac3f6cb1c5903a,0.1
0xd363c0dbad040daf5bb154eaf8435521ca6ca30d,0.08
0xb74fd80db69f6f488f00cf9d0cff2e270975f934,0.06999999999999999
0xf9c6ef7d809add7552aba589ad016d7ea6e8e284,0.06
0xb24127f171a50bf03d6bb62cc181031cb4122401,0.06
0xddaa47579781b16ef6287f5f874943db32d4d655,0.06
0x14cf956291e75ee944bb48b96ccf0b5776a66a86,0.051
0xd6761be2dd9642e5dbabcce428498a8e60fbf6ab,0.060000000000000005
0xf6e0f85ae1089ce8a74930ddd7c9e66723ab8425,0.05
0x4efd554aba63117bd6ba677634077014fb0176bb,0.08
0x9f65b36c143787c3632592286270a385fb170358,0.05
0x5f1e860f3cde928a2e939544d70e48d746d034dc,0.05
0xd8a87b32b55aa0214a74449743f1bc63ddf28527,0.05
0x8e247d52f5f8c8d2ff473255e9ab344a37ac60de,0.05
0xa30ff6cd6ec48c50588fc11ffa4adbb00b330974,0.05
0xc8f9f7ac71abfd494de1d602b1f576714bef09d4,0.05
0x151154059e1eccd404a05ca8636113b564779b14,0.05
0xc97a813c6dcf8697fcb12509996df547b8d56384,0.05
0xaf47868419b27cbf8990a924d508eac41a86b160,0.04
0x4e8a192108723406bf08694ff89da3119fd9bce9,0.03
0x85ffa3686f10e4ac00e8532deacfff6cd6928e9b,0.03
0x9481f8b51ca4b034b2ab6cde88cfb9bf4d64a088,0.03
0x80bbe04ab3d0115eca4c8e504a673340f2df336d,0.03
0x413dee3d9825d9fdcc1e00fbcaed0622f5a1f9ac,0.03
0x23355fcc6f0412468d87e541e3b4c1353262f84d,0.03
0x86c891033398c3e3247619db6660afd7e7175104,0.025
0x36591c833b15d64926afaaeb18108f80a9501ead,0.02
0xed10435ff77e48a276b7aa12be0cc0fdff20107b,0.02
0xe8c7ffc11f518d6c77d871ca367423b46aaf419b,0.011
0xe1ef58cc3d83e64b87254ae1e7bfa43203ac9c03,0.011
0x3b4c2cdbf9eb671113e63a433aec3a5d961f497c,0.01
0xbb508425cddd15792a4af398a7191cbc934b08e5,0.01
0x86cd30c2ea9bf4c339ae9be3e6afbb3a3b684ec1,0.01
0x52bd29e8862cd2a3b87296f74e4b70d99d2c9467,0.01
0xe296648b1aee0d1b77c6d6e504534388bbd5c4b1,0.01
0x5b8cb67ad0e9c64d2d1ee0d514d7e6d767950f65,0.01
0xb81dac655e4e4b01a628d520787674b0cf90f981,0.01
0x8af153abd40cb39a7fffa537d90bf38b30dfefeb,0.01
0xb85ab06ddd83c51e5e912f2d7d36008db5f9bba2,0.01
0xcf4dac09f284c8e9fd972bbf0df4989da0f7eef0,0.01
0x03deb73dbd459c7570fb98fa7cabb2b6d38fc3ef,0.01
0x7ce225cf51e90eef69b4bf94f031333e9f060158,0.01
0xb9bb84c76c153cff0ba7ffdc1a2b41c174c69b81,0.009
0xca30393e06dd51a976e7abc77e45e5a0307817bd,0.006
0x48e2def303a490aa0b6f6c6d9d5e87f5389cef69,0.006
0x4d72662d3722469b8eb899b37ec1be886fbd0ee6,0.005
0x63b9e872ce2aec1ac63acce5f30496f2a0df3623,0.003
0xca8c1476c52b6d29aa5b19f8ade56354d919b1cf,0.002
0x649073fd680ba284d8780ba5084304b2fa1a1b6b,0.002
0xce6f05e0380ddaa902e374ac8866b49e9a0a72b5,0.001
0x02bd1963f6cdb7486becfca376f680444079bcfa,0.001